order_id,region,category,order_amount,paid_amount,status,order_date,customer_id,product_id
20001,华东,企业服务,68434.11,67619.61,已支付,2026-06-15,125,106
20002,华北,企业服务,8877.24,8409.4,已支付,2026-06-14,123,106
20003,华南,智能硬件,45539.98,44810.77,已支付,2026-06-14,130,108
20004,华东,企业服务,30957.32,0,已退款,2026-06-24,125,104
20005,西南,企业服务,104057.69,101622.18,已支付,2026-07-07,116,104
20006,西南,安全服务,153214.6,153152.04,已支付,2026-06-30,128,110
20007,华南,安全服务,57921.71,57435.52,已支付,2026-06-20,130,112
20008,华东,数据产品,16858.54,16431.74,已支付,2026-06-22,125,103
20009,华东,企业服务,45416.81,39835.38,已支付,2026-07-14,121,105
20010,华北,企业服务,22939.89,19879.98,已支付,2026-07-28,123,105
20011,华东,数据产品,94005.05,93242.7,已支付,2026-06-06,101,102
20012,华东,企业服务,83324.96,79595.03,已支付,2026-06-29,129,106
20013,华北,数据产品,98859.44,98554.08,已支付,2026-06-26,127,101
20014,华北,智能硬件,49573.38,44437.67,已支付,2026-06-08,123,108
20015,华北,智能硬件,86400.8,85498.57,已支付,2026-06-11,119,109
20016,西南,安全服务,38659.64,36875.51,已支付,2026-07-17,124,112
20017,华南,智能硬件,25605.87,25442.52,已支付,2026-07-28,110,107
20018,西南,智能硬件,207147.88,191404.72,已支付,2026-06-19,120,107
20019,华南,智能硬件,52996.35,52426.97,已支付,2026-06-21,102,107
20020,华南,安全服务,38827.74,38742.64,已支付,2026-07-14,118,111
20021,华南,安全服务,94368.7,92306.83,已支付,2026-07-20,114,110
20022,西南,企业服务,215758.48,211132.84,已支付,2026-06-27,128,105
20023,华东,数据产品,92642.49,90968.74,已支付,2026-06-29,109,101
20024,华南,安全服务,45375.28,44394.73,已支付,2026-07-09,106,112
20025,西南,数据产品,8787.31,8657.51,已支付,2026-07-21,108,103
20026,华南,企业服务,20309.54,19889.14,已支付,2026-06-08,122,104
20027,华东,企业服务,195840.62,189808.56,已支付,2026-06-02,113,105
20028,华北,智能硬件,31482.43,27344.03,已支付,2026-06-17,103,109
20029,华东,企业服务,95825.16,90385.64,已支付,2026-07-25,117,104
20030,西南,企业服务,102584.81,90454.12,已支付,2026-06-01,104,106
20031,华北,安全服务,18741.93,18579.74,已支付,2026-07-02,111,110
20032,华南,智能硬件,58901.29,55258.38,已支付,2026-06-27,130,108
20033,西南,智能硬件,200197.77,182984.06,已支付,2026-06-26,128,107
20034,华东,智能硬件,46625.23,45236.92,已支付,2026-06-17,121,109
20035,华南,智能硬件,72706.29,68042.17,已支付,2026-07-07,114,108
20036,华北,企业服务,200429.91,0,已取消,2026-06-10,127,105
20037,华东,安全服务,76899.08,71442.56,已支付,2026-06-24,117,111
20038,华东,企业服务,118765.25,112409.57,已支付,2026-06-26,125,105
20039,西南,安全服务,88110.39,86730.26,已支付,2026-07-13,112,111
20040,华东,安全服务,21012.27,0,已取消,2026-07-23,125,111
20041,华北,数据产品,183108.54,165398.55,已支付,2026-07-06,127,102
20042,华北,数据产品,115457.73,101745.24,已支付,2026-07-06,127,102
20043,华东,安全服务,204420.1,195867.52,已支付,2026-06-01,113,110
20044,华北,安全服务,181605.73,0,已退款,2026-07-17,111,111
20045,西南,智能硬件,86050.94,0,已退款,2026-06-15,128,109
20046,西南,智能硬件,54657.85,48074.29,已支付,2026-06-23,108,107
20047,华北,数据产品,140137.34,0,已取消,2026-07-10,111,102
20048,华南,数据产品,18783.92,18487.91,已支付,2026-07-21,122,102
20049,华东,企业服务,13453.88,12583.67,已支付,2026-06-23,105,106
20050,西南,数据产品,25842.22,22959.72,已支付,2026-06-06,120,101
20051,西南,数据产品,177588.21,153910.55,已支付,2026-07-15,116,103
20052,华北,安全服务,169002.68,154444.79,已支付,2026-06-15,111,110
20053,华北,数据产品,166144.91,149916.24,已支付,2026-07-25,111,101
20054,华南,数据产品,79779.71,0,已退款,2026-06-23,126,101
20055,华南,数据产品,81374.22,77257.36,已支付,2026-07-10,114,102
20056,华南,智能硬件,47836.16,0,已取消,2026-07-24,130,109
20057,华北,企业服务,75642.51,74005.65,已支付,2026-06-10,123,106
20058,华东,智能硬件,134300.33,122230.79,已支付,2026-07-31,113,108
20059,西南,数据产品,168512.77,152062.97,已支付,2026-06-28,116,103
20060,华北,企业服务,18768.76,17330.25,已支付,2026-06-20,123,106
20061,华东,智能硬件,95800.07,93245.33,已支付,2026-07-14,121,109
20062,西南,数据产品,142460.29,135334.95,已支付,2026-06-11,112,103
20063,西南,数据产品,6584.02,5723.23,已支付,2026-07-11,124,101
20064,华东,安全服务,37618.35,36425.17,已支付,2026-07-05,117,110
20065,西南,企业服务,197788.87,184281.67,已支付,2026-06-27,116,105
20066,华东,安全服务,66104.97,59782.57,已支付,2026-06-17,113,111
20067,西南,企业服务,177443.05,172929.76,已支付,2026-07-25,128,106
20068,华南,安全服务,25781.57,24021.03,已支付,2026-07-01,122,112
20069,华南,数据产品,28605.98,24649.06,已支付,2026-06-02,102,101
20070,华南,数据产品,88675.48,86153.22,已支付,2026-06-03,122,103
20071,华南,企业服务,83371.46,80329.19,已支付,2026-07-23,126,106
20072,西南,企业服务,194996.06,173122.96,已支付,2026-07-01,112,105
20073,华北,安全服务,18668.81,17458.58,已支付,2026-06-06,119,110
20074,西南,数据产品,184704.92,165695.58,已支付,2026-07-23,120,102
20075,华南,企业服务,55407.55,48337.13,已支付,2026-06-17,106,105
20076,华南,智能硬件,23120.07,19902.94,已支付,2026-06-19,106,109
20077,华北,企业服务,123573.51,120372.87,已支付,2026-07-28,103,106
20078,华东,智能硬件,53030.4,51946.57,已支付,2026-07-23,109,107
20079,华东,数据产品,72675.26,68130.31,已支付,2026-06-01,117,101
20080,华南,数据产品,69560.22,0,已退款,2026-07-24,126,103
20081,华东,企业服务,111804.13,0,已退款,2026-07-09,117,106
20082,西南,企业服务,94307.55,0,已退款,2026-06-03,128,106
20083,华北,安全服务,38488.52,0,已退款,2026-06-07,115,111
20084,华南,安全服务,95071.08,89385.9,已支付,2026-07-11,122,110
20085,华北,数据产品,76081.78,70636.79,已支付,2026-06-15,107,101
20086,西南,企业服务,196504.32,188085.17,已支付,2026-07-03,128,105
20087,西南,智能硬件,94090.26,92631.29,已支付,2026-07-05,104,109
20088,华北,智能硬件,59128.12,58308.84,已支付,2026-07-19,103,109
20089,西南,安全服务,183003.0,0,已取消,2026-07-20,112,110
20090,华北,安全服务,12419.23,0,已退款,2026-07-15,115,112
20091,华北,数据产品,131556.55,117342.97,已支付,2026-06-22,103,102
20092,华南,智能硬件,108502.77,101140.44,已支付,2026-06-26,118,109
20093,华南,企业服务,57447.02,56057.47,已支付,2026-07-14,118,105
20094,华南,智能硬件,39065.07,37588.47,已支付,2026-06-09,114,107
20095,华南,企业服务,22912.5,20961.56,已支付,2026-06-10,118,105
20096,华东,智能硬件,118255.47,110064.05,已支付,2026-07-20,117,107
20097,华南,数据产品,47895.9,41948.74,已支付,2026-06-24,102,103
20098,华东,智能硬件,209663.22,0,已取消,2026-06-24,101,108
20099,华北,数据产品,68865.36,66425.69,已支付,2026-06-12,123,103
20100,华北,企业服务,33403.78,31453.72,已支付,2026-06-07,127,105
20101,华北,企业服务,114823.76,108070.55,已支付,2026-07-12,103,105
20102,华北,企业服务,65821.79,0,已取消,2026-07-29,123,105
20103,华南,安全服务,39308.67,36616.26,已支付,2026-07-15,122,111
20104,华北,智能硬件,38922.95,37425.27,已支付,2026-06-23,111,108
20105,西南,企业服务,36061.94,33632.27,已支付,2026-06-14,128,106
20106,西南,智能硬件,115159.42,99600.69,已支付,2026-06-03,128,107
20107,华东,企业服务,52090.86,50929.59,已支付,2026-07-31,125,105
20108,华北,安全服务,113264.78,109913.7,已支付,2026-07-10,127,112
20109,华南,企业服务,19214.83,17436.11,已支付,2026-06-30,106,104
20110,华东,企业服务,11496.8,10483.79,已支付,2026-07-20,121,104
20111,西南,智能硬件,173424.19,158860.17,已支付,2026-06-04,120,109
20112,华北,智能硬件,53130.72,47425.13,已支付,2026-06-13,127,109
20113,华南,数据产品,130097.55,129191.79,已支付,2026-07-12,126,103
20114,华东,数据产品,75497.71,68614.07,已支付,2026-06-08,129,103
20115,西南,智能硬件,163333.31,148468.77,已支付,2026-07-30,120,107
20116,西南,安全服务,58876.17,51023.51,已支付,2026-06-10,116,110
20117,华东,企业服务,30069.65,28886.18,已支付,2026-07-01,117,106
20118,华南,智能硬件,84455.86,74146.5,已支付,2026-07-28,126,108
20119,华南,安全服务,23363.95,22126.18,已支付,2026-06-04,130,111
20120,华东,数据产品,83366.98,75976.52,已支付,2026-06-28,129,101
20121,华东,企业服务,36067.05,35268.5,已支付,2026-07-03,109,105
20122,华南,智能硬件,52412.78,51320.28,已支付,2026-06-08,126,107
20123,西南,数据产品,169012.8,156649.43,已支付,2026-07-25,120,103
20124,华南,企业服务,60646.95,58869.77,已支付,2026-07-17,102,104
20125,华北,智能硬件,133453.4,120246.55,已支付,2026-06-27,111,109
20126,西南,智能硬件,34730.72,30624.87,已支付,2026-06-03,120,109
20127,西南,安全服务,70669.69,63605.2,已支付,2026-07-11,124,111
20128,华东,安全服务,122152.74,110876.59,已支付,2026-07-14,113,112
20129,西南,智能硬件,29066.18,28354.43,已支付,2026-06-27,116,108
20130,华南,安全服务,27228.95,25052.61,已支付,2026-06-23,122,110
20131,华北,企业服务,213095.47,183774.92,已支付,2026-07-15,127,106
20132,西南,智能硬件,34596.23,33397.8,已支付,2026-07-14,108,109
20133,华南,智能硬件,9921.71,0,已取消,2026-07-02,114,109
20134,华南,智能硬件,142700.85,123434.76,已支付,2026-06-20,126,108
20135,华北,智能硬件,47877.49,42046.21,已支付,2026-07-07,107,107
20136,华南,安全服务,12009.32,10920.27,已支付,2026-06-16,102,112
20137,华北,智能硬件,85760.8,80092.1,已支付,2026-07-14,107,109
20138,华南,智能硬件,44652.08,42550.32,已支付,2026-06-02,118,109
20139,华北,数据产品,74992.98,71058.58,已支付,2026-06-21,115,103
20140,西南,智能硬件,86683.11,76402.39,已支付,2026-06-18,116,108
20141,华南,安全服务,63390.38,55361.11,已支付,2026-07-31,102,112
20142,华北,安全服务,139404.29,131406.35,已支付,2026-06-10,111,112
20143,西南,智能硬件,47356.43,46475.66,已支付,2026-06-01,104,109
20144,西南,智能硬件,116550.25,115965.6,已支付,2026-06-29,112,108
20145,华北,智能硬件,198447.82,175495.35,已支付,2026-07-05,127,109
20146,华东,数据产品,12921.42,12554.08,已支付,2026-06-15,105,103
20147,西南,安全服务,138782.14,128386.98,已支付,2026-07-14,104,112
20148,华东,数据产品,62413.59,56207.2,已支付,2026-06-25,121,102
20149,华南,企业服务,60977.26,53419.57,已支付,2026-07-26,122,105
20150,华北,企业服务,11058.8,9581.4,已支付,2026-07-14,107,106
20151,华东,数据产品,29087.19,25238.3,已支付,2026-06-17,129,102
20152,西南,数据产品,23453.89,0,已退款,2026-07-04,104,102
20153,华东,数据产品,81809.26,78789.27,已支付,2026-07-16,129,101
20154,华东,安全服务,124752.46,0,已取消,2026-07-11,125,112
20155,西南,企业服务,30515.62,26849.14,已支付,2026-07-16,108,105
20156,华南,企业服务,77321.14,71496.03,已支付,2026-07-25,114,104
20157,华北,企业服务,117654.0,0,已退款,2026-06-29,115,106
20158,华北,企业服务,176736.13,172867.81,已支付,2026-07-04,111,106
20159,华东,企业服务,150250.35,148313.61,已支付,2026-07-10,121,105
20160,华东,安全服务,57477.21,55447.15,已支付,2026-07-07,105,110
20161,华南,安全服务,13721.65,0,已取消,2026-07-12,102,111
20162,华南,数据产品,65374.47,56452.3,已支付,2026-07-21,130,101
20163,华东,数据产品,71182.02,62653.16,已支付,2026-06-24,101,102
20164,华东,安全服务,143058.55,134847.79,已支付,2026-06-07,117,112
20165,西南,数据产品,53908.76,53732.74,已支付,2026-07-18,108,103
20166,华南,企业服务,29424.44,27574.5,已支付,2026-06-05,106,104
20167,华东,安全服务,14575.47,13186.33,已支付,2026-06-17,117,111
20168,华南,智能硬件,11621.19,11320.7,已支付,2026-07-26,122,109
20169,华北,数据产品,9488.39,8616.66,已支付,2026-06-27,123,103
20170,西南,数据产品,35449.79,33078.85,已支付,2026-07-25,128,101
20171,西南,数据产品,33393.34,28939.91,已支付,2026-07-11,104,101
20172,华东,数据产品,175966.65,168789.02,已支付,2026-06-20,101,102
20173,华南,企业服务,27426.28,26096.67,已支付,2026-06-10,122,105
20174,华南,数据产品,29627.3,27121.6,已支付,2026-07-03,126,103
20175,西南,数据产品,128721.99,114143.79,已支付,2026-07-09,112,101
20176,华北,智能硬件,26458.36,24673.37,已支付,2026-06-20,111,108
20177,西南,智能硬件,95732.56,94894.32,已支付,2026-07-27,116,108
20178,西南,智能硬件,113630.09,101068.38,已支付,2026-06-25,120,109
20179,华北,数据产品,10400.34,10011.71,已支付,2026-06-12,107,102
20180,华东,企业服务,119030.07,104023.7,已支付,2026-07-11,101,106
20181,华东,安全服务,40837.13,37168.42,已支付,2026-07-24,121,110
20182,华南,数据产品,46403.12,0,已取消,2026-06-08,110,101
20183,西南,企业服务,113394.69,103892.71,已支付,2026-07-01,112,105
20184,华南,数据产品,67411.31,0,已取消,2026-07-26,122,102
20185,华南,智能硬件,44920.19,39510.46,已支付,2026-07-21,114,107
20186,华北,智能硬件,94289.46,87806.43,已支付,2026-07-03,127,108
20187,西南,企业服务,82849.62,75326.31,已支付,2026-07-21,108,105
20188,华北,企业服务,151936.34,131421.91,已支付,2026-06-10,111,106
20189,华东,企业服务,27858.84,27633.41,已支付,2026-07-17,129,106
20190,华南,企业服务,14844.58,13200.91,已支付,2026-07-24,106,106
20191,华东,数据产品,102056.35,90258.63,已支付,2026-07-08,125,103
20192,华南,安全服务,50578.0,49506.28,已支付,2026-07-25,106,111
20193,华北,数据产品,20280.87,0,已退款,2026-06-16,115,101
20194,华南,数据产品,129863.08,123629.2,已支付,2026-06-24,126,103
20195,华北,安全服务,47270.55,46060.38,已支付,2026-07-23,119,111
20196,华南,数据产品,37920.74,34600.98,已支付,2026-06-26,102,101
20197,华北,数据产品,33317.35,29671.81,已支付,2026-06-11,107,101
20198,华南,数据产品,138214.36,137373.48,已支付,2026-07-27,126,102
20199,华东,安全服务,68284.17,59054.23,已支付,2026-06-08,129,111
20200,华东,数据产品,21814.35,20796.21,已支付,2026-06-03,105,103
20201,华东,安全服务,33577.51,32585.32,已支付,2026-07-17,117,111
20202,西南,智能硬件,39238.93,37830.88,已支付,2026-07-21,112,107
20203,华东,企业服务,78335.95,0,已取消,2026-07-13,121,106
20204,西南,智能硬件,116767.2,106186.59,已支付,2026-07-26,104,108
20205,华东,安全服务,49071.7,42401.79,已支付,2026-06-24,121,110
20206,华东,安全服务,86575.94,82692.99,已支付,2026-06-03,121,111
20207,华北,企业服务,87181.73,83633.88,已支付,2026-06-10,107,105
20208,华北,企业服务,32885.34,28343.62,已支付,2026-06-04,103,105
20209,华南,企业服务,39808.14,38335.36,已支付,2026-06-14,122,105
20210,华东,智能硬件,25821.66,0,已退款,2026-07-15,129,108
20211,华北,安全服务,66290.85,0,已退款,2026-07-19,115,111
20212,华北,企业服务,16859.44,15721.45,已支付,2026-06-25,123,104
20213,华北,智能硬件,96467.04,86250.12,已支付,2026-07-26,115,109
20214,华东,企业服务,80826.14,0,已退款,2026-07-20,129,104
20215,华北,数据产品,74242.69,67515.13,已支付,2026-07-05,115,101
20216,华北,安全服务,197810.47,173137.48,已支付,2026-07-05,127,111
20217,华南,智能硬件,22828.18,22393.62,已支付,2026-06-22,118,107
20218,华南,企业服务,46164.1,40695.77,已支付,2026-06-22,130,104
20219,西南,安全服务,32348.25,28122.73,已支付,2026-07-18,128,110
20220,西南,安全服务,111150.88,0,已取消,2026-06-05,116,112
20221,西南,企业服务,94408.85,90435.55,已支付,2026-06-20,108,106
20222,华东,数据产品,37199.9,37101.43,已支付,2026-07-06,113,102
20223,华南,安全服务,91097.15,90876.27,已支付,2026-06-21,106,112
20224,华东,企业服务,64986.34,58000.8,已支付,2026-06-29,113,106
20225,西南,安全服务,105003.11,92176.89,已支付,2026-07-10,120,110
20226,华北,企业服务,60897.13,0,已取消,2026-06-05,123,105
20227,华北,安全服务,108287.49,94106.3,已支付,2026-06-24,111,112
20228,西南,智能硬件,204783.85,0,已取消,2026-07-08,120,107
20229,华北,安全服务,72913.06,66682.06,已支付,2026-07-06,107,111
20230,华北,数据产品,124657.72,0,已取消,2026-07-03,115,102
20231,华南,安全服务,59380.93,56531.54,已支付,2026-07-10,118,112
20232,华南,安全服务,78744.72,69135.93,已支付,2026-07-23,114,110
20233,华南,企业服务,28127.13,24685.09,已支付,2026-06-27,118,105
20234,华南,安全服务,40295.95,38961.01,已支付,2026-06-25,106,111
20235,华北,企业服务,136210.44,126461.47,已支付,2026-07-30,103,105
20236,华北,数据产品,78591.31,74102.68,已支付,2026-06-02,111,102
20237,华南,智能硬件,74460.65,65798.71,已支付,2026-07-31,126,109
20238,华东,企业服务,233548.22,211827.28,已支付,2026-06-06,105,106
20239,华南,安全服务,93178.87,89871.13,已支付,2026-07-14,114,111
20240,华东,安全服务,87622.89,0,已取消,2026-07-26,125,112
20241,西南,数据产品,14875.62,13309.73,已支付,2026-07-30,116,102
20242,西南,安全服务,55606.17,0,已取消,2026-06-07,128,111
20243,华北,企业服务,118273.76,110213.38,已支付,2026-07-24,103,104
20244,华南,数据产品,56743.23,52005.48,已支付,2026-07-31,102,102
20245,华北,智能硬件,23231.05,21367.63,已支付,2026-07-27,127,108
20246,华东,数据产品,79674.21,79507.94,已支付,2026-07-11,105,102
20247,华东,企业服务,28037.08,24780.65,已支付,2026-06-06,121,106
20248,华南,智能硬件,46991.18,45289.73,已支付,2026-06-25,126,107
20249,西南,企业服务,84867.74,75034.61,已支付,2026-06-04,128,105
20250,华东,企业服务,105562.49,94702.93,已支付,2026-07-28,117,105
20251,华北,企业服务,15763.85,13846.46,已支付,2026-07-17,107,106
20252,西南,安全服务,65974.05,61630.75,已支付,2026-07-31,112,111
20253,西南,企业服务,90410.57,83077.53,已支付,2026-06-23,104,106
20254,西南,企业服务,71550.53,66015.05,已支付,2026-07-27,116,104
20255,西南,企业服务,89116.29,88493.41,已支付,2026-07-11,124,106
20256,华北,安全服务,106628.31,97603.4,已支付,2026-07-24,111,110
20257,华东,企业服务,118745.77,113467.08,已支付,2026-07-22,101,106
20258,华南,企业服务,66859.59,60020.64,已支付,2026-07-23,102,105
20259,华南,数据产品,113288.86,102682.19,已支付,2026-07-25,118,102
20260,华南,智能硬件,9930.76,9848.31,已支付,2026-06-24,114,109
20261,西南,企业服务,57728.38,53403.86,已支付,2026-07-30,128,105
20262,华南,企业服务,82954.45,71915.4,已支付,2026-06-25,106,105
20263,西南,企业服务,120894.67,115962.62,已支付,2026-07-04,116,105
20264,华东,安全服务,22921.25,21091.59,已支付,2026-07-20,129,110
20265,华南,智能硬件,30480.4,29333.24,已支付,2026-06-29,118,109
20266,华北,智能硬件,25137.61,22169.83,已支付,2026-07-29,127,109
20267,华东,智能硬件,35543.96,34711.56,已支付,2026-06-12,125,109
20268,华东,智能硬件,131750.78,118493.86,已支付,2026-06-21,113,109
20269,华北,数据产品,70763.34,0,已取消,2026-07-20,107,101
20270,华北,数据产品,144118.13,125902.0,已支付,2026-07-30,111,102
20271,华北,安全服务,201664.41,189665.52,已支付,2026-07-15,111,111
20272,华北,企业服务,141505.73,126359.04,已支付,2026-07-11,115,105
20273,华南,企业服务,51987.86,47544.1,已支付,2026-06-06,126,104
20274,华北,企业服务,72699.27,70286.93,已支付,2026-06-28,123,104
20275,华东,智能硬件,22466.13,22310.86,已支付,2026-06-06,129,108
20276,华北,智能硬件,23532.79,22756.8,已支付,2026-07-31,107,109
20277,华南,数据产品,58711.97,57573.12,已支付,2026-06-07,102,102
20278,华南,企业服务,95168.37,84212.55,已支付,2026-06-22,114,106
20279,华东,安全服务,46818.82,46746.38,已支付,2026-07-24,125,112
20280,华南,数据产品,24455.6,24139.24,已支付,2026-07-31,122,102
20281,华北,企业服务,49090.9,45051.29,已支付,2026-07-04,107,105
20282,西南,安全服务,50767.75,47349.6,已支付,2026-06-23,120,112
20283,华南,数据产品,21445.39,18654.55,已支付,2026-06-01,102,103
20284,华东,企业服务,40928.17,38446.01,已支付,2026-07-03,117,106
20285,华北,智能硬件,70206.78,0,已取消,2026-07-13,119,107
20286,华东,安全服务,96341.89,85376.13,已支付,2026-06-10,117,111
20287,西南,企业服务,53536.81,52690.36,已支付,2026-07-12,124,106
20288,华南,数据产品,78715.44,69820.8,已支付,2026-07-06,118,102
20289,华南,企业服务,22495.18,21581.07,已支付,2026-06-21,130,104
20290,华北,智能硬件,169879.22,150644.89,已支付,2026-06-16,111,108
20291,西南,安全服务,69657.53,0,已取消,2026-07-09,128,110
20292,西南,企业服务,113700.04,108009.21,已支付,2026-06-28,104,105
20293,华北,智能硬件,33769.39,31692.73,已支付,2026-07-24,123,108
20294,华东,智能硬件,78442.01,70139.8,已支付,2026-07-04,117,107
20295,西南,智能硬件,40674.84,37753.23,已支付,2026-06-17,108,108
20296,华东,安全服务,83526.25,78704.07,已支付,2026-06-28,121,111
20297,西南,数据产品,186290.83,186215.88,已支付,2026-06-27,112,101
20298,华北,企业服务,31714.16,30819.1,已支付,2026-06-09,119,105
20299,华南,数据产品,95220.56,91643.77,已支付,2026-06-27,114,101
20300,华北,企业服务,106396.41,94044.02,已支付,2026-07-06,127,106
20301,华南,智能硬件,54032.41,47829.23,已支付,2026-07-29,118,108
20302,华南,智能硬件,75729.51,69831.59,已支付,2026-06-19,106,107
20303,西南,安全服务,25031.68,21962.36,已支付,2026-06-18,124,112
20304,华南,安全服务,25392.13,22710.75,已支付,2026-06-18,126,112
20305,华东,企业服务,59019.03,51083.73,已支付,2026-07-08,129,104
20306,华北,安全服务,16143.17,14573.6,已支付,2026-06-27,107,112
20307,西南,企业服务,37931.74,35306.93,已支付,2026-06-01,116,106
20308,西南,企业服务,144745.77,135894.13,已支付,2026-06-07,128,105
20309,华东,安全服务,32264.53,30985.06,已支付,2026-07-19,101,111
20310,华东,企业服务,40668.98,37344.62,已支付,2026-06-05,129,104
20311,华北,智能硬件,49563.46,43492.37,已支付,2026-07-05,115,109
20312,华北,智能硬件,14439.23,13742.31,已支付,2026-06-29,107,109
20313,华南,智能硬件,85436.66,0,已取消,2026-06-07,130,108
20314,华东,数据产品,95933.49,83930.24,已支付,2026-07-04,129,103
20315,华东,企业服务,84614.04,83459.47,已支付,2026-06-26,101,105
20316,华东,智能硬件,64958.8,58748.53,已支付,2026-06-21,129,107
20317,华北,数据产品,90194.37,90165.45,已支付,2026-07-24,111,102
20318,华南,安全服务,33031.95,28815.85,已支付,2026-07-21,130,111
20319,华南,数据产品,101714.69,90826.54,已支付,2026-07-13,118,103
20320,华东,智能硬件,32256.17,30224.47,已支付,2026-06-04,105,108
20321,华南,企业服务,72333.16,66590.52,已支付,2026-06-25,118,104
20322,华北,数据产品,56945.42,54544.82,已支付,2026-07-14,119,101
20323,华北,数据产品,15555.86,14955.26,已支付,2026-07-22,107,103
20324,华北,企业服务,75232.43,73494.98,已支付,2026-06-06,119,106
20325,华南,安全服务,68134.63,66429.62,已支付,2026-07-25,102,111
20326,华东,企业服务,39405.22,36236.73,已支付,2026-07-15,109,106
20327,华东,智能硬件,34354.89,31000.45,已支付,2026-06-04,121,109
20328,华南,数据产品,47661.61,41744.61,已支付,2026-07-27,118,102
20329,华南,数据产品,91772.95,81134.27,已支付,2026-07-31,122,102
20330,华南,企业服务,43382.98,0,已退款,2026-06-03,126,104
20331,华东,企业服务,73964.53,70535.11,已支付,2026-07-07,105,105
20332,华东,智能硬件,12565.41,0,已取消,2026-06-03,105,108
20333,华东,安全服务,21103.38,20451.89,已支付,2026-06-12,125,110
20334,华南,数据产品,85558.58,79204.21,已支付,2026-07-21,114,103
20335,华南,企业服务,35965.76,0,已退款,2026-07-11,102,105
20336,华北,安全服务,87701.94,86842.17,已支付,2026-07-31,123,111
20337,西南,安全服务,54530.64,47963.43,已支付,2026-07-04,116,110
20338,华南,数据产品,121388.62,107720.98,已支付,2026-06-06,110,103
20339,华东,数据产品,27815.81,24095.19,已支付,2026-06-16,101,103
20340,华南,安全服务,43441.46,37911.99,已支付,2026-06-19,110,112
20341,华北,企业服务,137946.63,123498.1,已支付,2026-06-11,103,106
20342,华东,智能硬件,91940.3,86365.8,已支付,2026-06-30,117,109
20343,西南,数据产品,22272.36,20134.92,已支付,2026-06-26,128,102
20344,华北,智能硬件,32772.05,29332.86,已支付,2026-07-08,115,109
20345,华北,企业服务,79593.2,68870.77,已支付,2026-06-29,119,104
20346,华北,安全服务,45634.9,45139.69,已支付,2026-07-31,111,110
20347,华东,智能硬件,140007.26,137355.84,已支付,2026-07-27,117,108
20348,华南,数据产品,201760.94,187602.68,已支付,2026-07-30,110,102
20349,华南,智能硬件,88994.48,81767.8,已支付,2026-07-04,102,109
20350,西南,智能硬件,96742.54,93577.27,已支付,2026-06-21,120,107
20351,华北,企业服务,113674.13,109605.47,已支付,2026-07-03,111,105
20352,华南,企业服务,38349.07,38296.97,已支付,2026-06-05,122,106
20353,华东,数据产品,48037.8,46462.93,已支付,2026-06-12,125,103
20354,华东,企业服务,14943.56,0,已退款,2026-07-02,117,104
20355,华南,数据产品,14488.84,14235.28,已支付,2026-06-15,126,101
20356,西南,智能硬件,93644.57,90815.94,已支付,2026-06-09,108,108
20357,华东,数据产品,63952.86,0,已退款,2026-07-06,129,101
20358,华南,安全服务,26040.41,25767.45,已支付,2026-07-08,122,111
20359,华北,安全服务,25510.5,25296.98,已支付,2026-06-13,107,110
20360,华东,智能硬件,42542.85,36681.12,已支付,2026-06-16,121,107
20361,华南,智能硬件,90028.26,86554.35,已支付,2026-06-16,110,108
20362,华南,智能硬件,73235.15,63054.7,已支付,2026-06-24,110,109
20363,华东,智能硬件,36901.48,0,已退款,2026-06-05,117,107
20364,华东,数据产品,138842.22,136860.45,已支付,2026-07-07,117,101
20365,华南,智能硬件,26126.01,22490.9,已支付,2026-06-22,130,107
20366,西南,智能硬件,85604.06,78421.64,已支付,2026-07-07,116,108
20367,西南,数据产品,44299.33,40276.16,已支付,2026-07-18,124,102
20368,华东,安全服务,69525.87,65323.98,已支付,2026-06-11,113,110
20369,华南,智能硬件,10503.94,9476.65,已支付,2026-06-15,122,107
20370,华北,数据产品,81609.07,72064.22,已支付,2026-07-28,119,102
20371,华北,智能硬件,70027.71,64842.58,已支付,2026-07-22,119,108
20372,西南,智能硬件,22035.88,19452.44,已支付,2026-07-02,124,109
20373,华南,企业服务,83601.69,78299.79,已支付,2026-06-24,122,106
20374,华南,企业服务,81029.22,75969.65,已支付,2026-07-27,102,104
20375,华北,智能硬件,58454.19,0,已退款,2026-06-15,103,107
20376,华东,企业服务,14757.48,14065.51,已支付,2026-06-23,113,105
20377,华北,智能硬件,184449.64,176224.22,已支付,2026-06-20,111,109
20378,华北,智能硬件,68860.04,60497.92,已支付,2026-06-08,119,107
20379,西南,智能硬件,46830.37,44427.75,已支付,2026-07-17,104,108
20380,西南,安全服务,51277.42,50121.99,已支付,2026-07-31,124,110
20381,华北,安全服务,40312.05,37230.92,已支付,2026-07-14,115,111
20382,华北,企业服务,53004.18,51530.69,已支付,2026-07-03,119,106
20383,华南,安全服务,30021.71,27468.05,已支付,2026-07-24,110,110
20384,华东,数据产品,113055.62,104875.1,已支付,2026-07-03,125,101
20385,华南,智能硬件,20206.39,19661.36,已支付,2026-07-21,102,109
20386,华东,企业服务,56950.85,50308.58,已支付,2026-06-19,101,106
20387,华北,数据产品,57790.07,51292.16,已支付,2026-07-23,115,103
20388,华东,数据产品,208113.6,180154.27,已支付,2026-07-07,113,103
20389,华北,企业服务,91677.08,0,已取消,2026-06-28,107,104
20390,华南,企业服务,60581.36,52928.66,已支付,2026-07-08,122,105
20391,西南,数据产品,44297.91,38293.64,已支付,2026-07-11,116,103
20392,华南,智能硬件,68331.26,64854.24,已支付,2026-07-12,130,109
20393,华南,智能硬件,25160.74,25000.7,已支付,2026-07-24,126,108
20394,华东,智能硬件,55308.02,0,已取消,2026-07-11,105,108
20395,华东,数据产品,48954.27,42124.06,已支付,2026-07-14,109,103
20396,华南,安全服务,212909.36,204983.06,已支付,2026-06-23,106,111
20397,华东,企业服务,191102.57,166015.38,已支付,2026-07-04,101,106
20398,华北,企业服务,50334.81,46495.32,已支付,2026-06-19,115,105
20399,华东,智能硬件,39579.3,37158.11,已支付,2026-07-24,105,108
20400,华北,智能硬件,75329.38,71887.16,已支付,2026-06-22,107,107
20401,西南,安全服务,47538.54,43773.13,已支付,2026-06-15,124,112
20402,华南,安全服务,212076.45,193285.06,已支付,2026-06-29,110,110
20403,华南,智能硬件,49620.4,0,已取消,2026-06-07,118,109
20404,华北,企业服务,97225.65,86153.74,已支付,2026-06-19,115,105
20405,华北,企业服务,88336.6,80517.32,已支付,2026-07-29,123,104
20406,华南,智能硬件,196570.43,190083.94,已支付,2026-06-07,110,107
20407,华东,智能硬件,20348.57,18575.39,已支付,2026-06-24,101,107
20408,华南,安全服务,79029.41,74643.85,已支付,2026-07-24,122,110
20409,华东,企业服务,21223.37,0,已取消,2026-07-15,109,104
20410,华北,企业服务,65091.68,61642.05,已支付,2026-06-24,103,105
20411,华东,安全服务,38448.41,36345.01,已支付,2026-07-24,105,111
20412,华东,智能硬件,37596.22,36021.04,已支付,2026-07-02,125,109
20413,华东,智能硬件,149753.22,128843.76,已支付,2026-07-04,101,107
20414,华北,智能硬件,54362.3,49061.72,已支付,2026-07-15,115,108
20415,西南,智能硬件,78245.98,68323.22,已支付,2026-06-25,116,107
20416,华北,数据产品,61384.77,54261.35,已支付,2026-07-02,123,102
20417,华北,企业服务,30680.06,26682.99,已支付,2026-07-04,119,106
20418,华南,企业服务,74123.37,66034.18,已支付,2026-07-08,106,106
20419,西南,数据产品,73211.42,70275.0,已支付,2026-07-27,128,102
20420,华南,数据产品,66393.04,63852.71,已支付,2026-07-12,126,102
20421,西南,企业服务,12979.09,12847.39,已支付,2026-06-14,108,106
20422,华北,企业服务,205453.27,190550.96,已支付,2026-06-07,127,106
20423,华北,智能硬件,212547.32,188114.68,已支付,2026-07-27,127,107
20424,华东,数据产品,135396.88,125192.64,已支付,2026-07-22,101,102
20425,西南,企业服务,99796.45,94646.07,已支付,2026-07-08,104,106
20426,西南,智能硬件,134016.82,132105.67,已支付,2026-07-22,104,108
20427,华南,数据产品,72497.22,62531.51,已支付,2026-06-29,110,103
20428,西南,企业服务,79669.69,71506.62,已支付,2026-06-23,104,105
20429,西南,企业服务,133325.41,121200.2,已支付,2026-06-27,128,106
20430,华南,安全服务,81992.67,79436.24,已支付,2026-06-23,102,111
20431,西南,智能硬件,165279.61,149357.99,已支付,2026-06-01,128,107
20432,西南,安全服务,92858.75,90183.94,已支付,2026-06-24,116,111
20433,华东,数据产品,14524.89,12530.96,已支付,2026-07-01,129,102
20434,西南,企业服务,134967.45,116730.95,已支付,2026-07-15,128,105
20435,华东,智能硬件,30521.52,26479.62,已支付,2026-07-16,121,107
20436,华东,智能硬件,82709.16,72760.53,已支付,2026-07-09,129,107
20437,华东,数据产品,80740.88,78653.18,已支付,2026-06-22,113,102
20438,华南,智能硬件,28049.57,24677.35,已支付,2026-06-03,126,108
20439,华东,安全服务,132583.11,122058.27,已支付,2026-06-07,101,111
20440,华东,企业服务,62929.5,58075.91,已支付,2026-06-16,109,104
20441,华北,安全服务,29861.57,26491.98,已支付,2026-07-01,107,112
20442,华南,智能硬件,23387.94,23234.56,已支付,2026-06-05,126,108
20443,华南,数据产品,62102.97,55279.93,已支付,2026-06-29,114,103
20444,华东,数据产品,75086.83,68601.34,已支付,2026-06-08,117,103
20445,华南,企业服务,146721.62,134677.24,已支付,2026-07-24,110,105
20446,西南,安全服务,96107.93,83334.84,已支付,2026-06-22,128,112
20447,华南,企业服务,66825.8,65653.72,已支付,2026-07-13,130,106
20448,华北,安全服务,92550.4,92320.48,已支付,2026-07-23,119,110
20449,华东,智能硬件,69760.61,66155.78,已支付,2026-06-20,129,109
20450,华南,企业服务,52724.2,47556.84,已支付,2026-07-20,110,105
20451,西南,数据产品,80261.38,74747.75,已支付,2026-06-16,128,102
20452,西南,数据产品,100192.22,98347.18,已支付,2026-06-07,112,101
20453,西南,企业服务,65796.92,57870.46,已支付,2026-07-11,112,105
20454,西南,数据产品,199820.84,196274.81,已支付,2026-07-31,116,101
20455,华北,智能硬件,63790.05,61130.7,已支付,2026-07-17,107,108
20456,华东,企业服务,55627.47,0,已退款,2026-07-30,113,106
20457,华东,企业服务,50110.1,47043.16,已支付,2026-07-22,105,104
20458,华东,数据产品,47765.85,0,已取消,2026-07-15,125,101
20459,华南,企业服务,51995.86,50752.47,已支付,2026-06-26,106,106
20460,西南,安全服务,19963.7,19111.92,已支付,2026-06-28,120,111
20461,华南,企业服务,21786.87,20089.86,已支付,2026-07-08,122,106
20462,华南,智能硬件,78475.33,67771.87,已支付,2026-07-04,130,107
20463,华东,智能硬件,113285.12,103515.46,已支付,2026-07-18,125,108
20464,华东,安全服务,36100.39,34075.0,已支付,2026-07-17,101,110
20465,华东,智能硬件,8624.57,0,已取消,2026-06-05,121,109
20466,西南,安全服务,17887.4,16401.77,已支付,2026-06-28,104,110
20467,华东,企业服务,99221.07,94543.96,已支付,2026-07-22,117,104
20468,华东,企业服务,124492.91,117137.68,已支付,2026-07-04,125,106
20469,华南,安全服务,41223.37,0,已取消,2026-06-08,130,111
20470,西南,数据产品,98444.01,91175.55,已支付,2026-07-14,120,102
20471,华南,数据产品,38007.41,35219.98,已支付,2026-06-18,118,102
20472,华东,智能硬件,30897.29,28759.18,已支付,2026-06-26,113,108
20473,华南,智能硬件,64171.28,62194.89,已支付,2026-06-24,122,109
20474,华南,企业服务,39254.6,37982.64,已支付,2026-07-29,114,104
20475,华东,智能硬件,696213.92,0,已取消,2026-06-29,113,107
20476,华南,企业服务,12143.2,11146.56,已支付,2026-06-28,126,106
20477,华南,智能硬件,30651.87,30307.97,已支付,2026-07-22,102,109
20478,华北,安全服务,121630.55,105294.18,已支付,2026-07-18,115,112
20479,华北,安全服务,209463.65,206870.35,已支付,2026-07-06,127,111
20480,华东,企业服务,78115.89,77104.62,已支付,2026-06-19,113,106
