campaign_product_id,campaign_id,product_id,campaign_price,stock_limit,per_user_limit
MCP0000001,MC0009,P000002,254.93,707,1
MCP0000002,MC0088,P000824,832.86,167,4
MCP0000003,MC0039,P001166,1373.63,129,3
MCP0000004,MC0078,P000756,1273.8,634,5
MCP0000005,MC0029,P000220,2850.81,593,2
MCP0000006,MC0087,P001260,1909.05,1060,5
MCP0000007,MC0008,P000501,965.41,276,1
MCP0000008,MC0051,P001236,1537.44,365,3
MCP0000009,MC0013,P000203,1657.8,689,3
MCP0000010,MC0045,P000400,597.14,973,1
MCP0000011,MC0057,P000644,2395.53,730,1
MCP0000012,MC0025,P000962,909.08,701,2
MCP0000013,MC0084,P000911,85.07,961,1
MCP0000014,MC0024,P001402,2691.07,255,4
MCP0000015,MC0046,P000768,627.58,800,3
MCP0000016,MC0073,P000934,2151.22,88,4
MCP0000017,MC0055,P000399,792.26,1104,5
MCP0000018,MC0036,P001326,2045.82,1050,3
MCP0000019,MC0016,P000689,2290.83,179,5
MCP0000020,MC0069,P001475,2569.21,1048,4
MCP0000021,MC0070,P001112,1166.5,103,1
MCP0000022,MC0084,P001392,1595.39,131,2
MCP0000023,MC0024,P001367,2534.2,480,5
MCP0000024,MC0084,P000551,2345.71,1189,4
MCP0000025,MC0065,P000608,2399.63,1077,5
MCP0000026,MC0003,P000337,1925.27,305,3
MCP0000027,MC0068,P000953,2692.72,203,3
MCP0000028,MC0005,P000090,937.83,87,5
MCP0000029,MC0096,P001413,2289.83,64,1
MCP0000030,MC0005,P000951,481.96,834,1
MCP0000031,MC0075,P000179,2121.16,930,4
MCP0000032,MC0009,P000605,2219.34,1105,2
MCP0000033,MC0006,P000282,2182.41,328,4
MCP0000034,MC0092,P000476,2831.53,37,1
MCP0000035,MC0084,P000945,683.53,54,3
MCP0000036,MC0070,P001479,1592.12,167,1
MCP0000037,MC0024,P001470,1223.29,527,4
MCP0000038,MC0042,P000722,1185.48,594,1
MCP0000039,MC0043,P000632,856.35,439,4
MCP0000040,MC0033,P001175,2127.46,98,1
MCP0000041,MC0093,P001483,2198.47,849,4
MCP0000042,MC0002,P001078,1918.47,1062,3
MCP0000043,MC0004,P000024,1778.03,1182,3
MCP0000044,MC0011,P000826,545.58,290,4
MCP0000045,MC0005,P000392,1489.36,700,2
MCP0000046,MC0063,P001104,826.92,426,3
MCP0000047,MC0071,P000189,826.8,55,5
MCP0000048,MC0100,P000295,2934.05,911,5
MCP0000049,MC0078,P000921,1586.91,782,1
MCP0000050,MC0026,P000408,28.34,845,2
MCP0000051,MC0075,P000395,2616.12,613,1
MCP0000052,MC0027,P001459,646.74,628,3
MCP0000053,MC0086,P001206,718.11,942,2
MCP0000054,MC0091,P001479,1526.09,533,1
MCP0000055,MC0073,P000422,1092.91,513,1
MCP0000056,MC0050,P001169,1547.69,72,5
MCP0000057,MC0099,P001423,1175.66,1029,3
MCP0000058,MC0010,P001123,2173.63,1146,3
MCP0000059,MC0026,P001217,138.06,1161,3
MCP0000060,MC0010,P000396,2503.64,92,4
MCP0000061,MC0029,P000049,1155.16,1185,1
MCP0000062,MC0048,P000351,2201.51,1028,2
MCP0000063,MC0073,P001076,349.21,572,2
MCP0000064,MC0047,P000332,422.09,45,5
MCP0000065,MC0027,P000556,2092.48,469,3
MCP0000066,MC0072,P000880,1820.86,722,5
MCP0000067,MC0057,P000938,750.87,853,3
MCP0000068,MC0068,P000849,295.67,471,3
MCP0000069,MC0020,P000784,1624.28,1122,1
MCP0000070,MC0051,P001484,2442.95,197,5
MCP0000071,MC0063,P000549,1715.83,741,4
MCP0000072,MC0050,P000577,1362.77,111,4
MCP0000073,MC0051,P001395,2904.58,884,1
MCP0000074,MC0023,P000565,413.39,879,4
MCP0000075,MC0098,P000588,51.63,425,5
MCP0000076,MC0040,P001071,1871.02,465,3
MCP0000077,MC0006,P001409,1311.91,344,4
MCP0000078,MC0023,P000386,3160.01,609,1
MCP0000079,MC0049,P000553,1916.95,805,3
MCP0000080,MC0076,P000299,1559.11,983,5
MCP0000081,MC0080,P000357,1787.48,878,4
MCP0000082,MC0055,P000417,2421.37,750,5
MCP0000083,MC0080,P001188,640.72,979,1
MCP0000084,MC0026,P001276,1139.38,171,2
MCP0000085,MC0030,P001260,2126.98,1183,4
MCP0000086,MC0080,P001386,2651.38,430,3
MCP0000087,MC0044,P001155,1419.37,743,2
MCP0000088,MC0061,P000118,1817.68,545,2
MCP0000089,MC0028,P001384,639.53,687,3
MCP0000090,MC0054,P000593,2146.37,126,5
MCP0000091,MC0080,P000305,2006.02,764,3
MCP0000092,MC0057,P001285,487.52,802,1
MCP0000093,MC0028,P000146,947.84,1185,5
MCP0000094,MC0033,P000963,2060.65,158,5
MCP0000095,MC0039,P000874,500.06,62,4
MCP0000096,MC0055,P001370,1543.9,950,3
MCP0000097,MC0019,P000704,1942.44,826,2
MCP0000098,MC0002,P001159,2368.11,106,5
MCP0000099,MC0073,P001251,212.43,1078,2
MCP0000100,MC0053,P000219,1977.87,682,2
MCP0000101,MC0096,P000158,1306.67,118,5
MCP0000102,MC0097,P000293,2259.24,644,4
MCP0000103,MC0056,P000578,1086.49,300,3
MCP0000104,MC0051,P000046,2015.38,524,5
MCP0000105,MC0072,P000413,176.05,473,4
MCP0000106,MC0029,P000550,917.28,88,2
MCP0000107,MC0097,P000616,675.07,576,2
MCP0000108,MC0060,P000713,703.34,710,5
MCP0000109,MC0077,P000087,2422.62,846,5
MCP0000110,MC0011,P000391,704.32,351,1
MCP0000111,MC0050,P000104,1832.28,51,1
MCP0000112,MC0095,P000991,2836.99,678,2
MCP0000113,MC0006,P001358,1780.56,682,2
MCP0000114,MC0052,P001397,427.67,52,4
MCP0000115,MC0048,P000203,1476.61,223,4
MCP0000116,MC0039,P000819,2624.78,982,4
MCP0000117,MC0007,P000001,1030.27,540,4
MCP0000118,MC0014,P000886,2523.98,1075,4
MCP0000119,MC0021,P000035,2225.99,33,1
MCP0000120,MC0007,P000378,431.76,1102,4
MCP0000121,MC0007,P000257,908.95,166,2
MCP0000122,MC0035,P000413,210.22,517,1
MCP0000123,MC0024,P000721,58.73,186,1
MCP0000124,MC0041,P001473,620.91,1145,4
MCP0000125,MC0019,P001472,127.18,755,5
MCP0000126,MC0030,P001040,1339.23,323,5
MCP0000127,MC0013,P000258,1450.61,904,3
MCP0000128,MC0099,P001138,179.04,35,2
MCP0000129,MC0097,P001096,2256.0,40,5
MCP0000130,MC0040,P000577,1683.24,966,3
MCP0000131,MC0014,P000284,1757.27,322,3
MCP0000132,MC0032,P000689,2441.76,778,2
MCP0000133,MC0030,P001380,2693.93,840,4
MCP0000134,MC0095,P000704,2002.6,42,4
MCP0000135,MC0054,P001080,1432.63,745,4
MCP0000136,MC0087,P000575,2004.88,283,4
MCP0000137,MC0077,P000459,1263.33,499,1
MCP0000138,MC0070,P001052,27.06,80,5
MCP0000139,MC0015,P000996,2491.57,1101,3
MCP0000140,MC0035,P000417,2598.9,998,2
MCP0000141,MC0099,P000962,971.96,162,5
MCP0000142,MC0073,P001095,705.38,470,5
MCP0000143,MC0066,P000350,1832.53,1080,4
MCP0000144,MC0015,P001043,2795.1,610,4
MCP0000145,MC0020,P001230,409.93,449,1
MCP0000146,MC0012,P001461,2808.78,1072,2
MCP0000147,MC0060,P000107,1142.46,314,5
MCP0000148,MC0068,P000128,750.65,929,2
MCP0000149,MC0051,P000770,93.19,141,2
MCP0000150,MC0001,P000132,623.03,870,4
MCP0000151,MC0048,P001098,2425.58,815,2
MCP0000152,MC0029,P000655,2287.43,903,3
MCP0000153,MC0004,P000106,2399.56,544,4
MCP0000154,MC0015,P001354,2317.04,768,1
MCP0000155,MC0023,P001339,516.87,158,4
MCP0000156,MC0022,P001353,1790.17,1078,2
MCP0000157,MC0082,P001036,777.27,690,4
MCP0000158,MC0014,P000642,2112.97,998,5
MCP0000159,MC0004,P001376,510.94,568,2
MCP0000160,MC0059,P000355,731.12,981,5
MCP0000161,MC0009,P000227,447.03,125,5
MCP0000162,MC0088,P000907,80.3,468,1
MCP0000163,MC0008,P001456,1575.95,1014,2
MCP0000164,MC0037,P001337,1198.92,625,3
MCP0000165,MC0057,P001237,1297.2,331,4
MCP0000166,MC0036,P001048,1263.9,791,5
MCP0000167,MC0038,P000764,1682.33,1116,4
MCP0000168,MC0081,P001350,2056.45,675,2
MCP0000169,MC0060,P000423,475.29,308,1
MCP0000170,MC0058,P001095,989.74,923,2
MCP0000171,MC0081,P000632,859.79,988,3
MCP0000172,MC0076,P001325,1869.82,305,3
MCP0000173,MC0058,P000363,528.02,859,1
MCP0000174,MC0086,P000345,2417.17,290,5
MCP0000175,MC0030,P000331,3044.26,988,2
MCP0000176,MC0015,P000905,1323.05,788,4
MCP0000177,MC0067,P000477,119.43,1033,5
MCP0000178,MC0047,P001031,1299.28,1175,1
MCP0000179,MC0077,P000281,1977.16,656,3
MCP0000180,MC0020,P001029,1163.35,953,3
MCP0000181,MC0058,P000599,1625.81,1166,4
MCP0000182,MC0025,P000398,955.59,1115,4
MCP0000183,MC0064,P000754,933.98,477,2
MCP0000184,MC0060,P000135,1391.23,724,2
MCP0000185,MC0011,P000666,625.01,422,5
MCP0000186,MC0087,P000968,1731.6,93,3
MCP0000187,MC0011,P000827,1649.88,1174,2
MCP0000188,MC0100,P000779,1834.84,308,5
MCP0000189,MC0066,P000763,2787.85,402,1
MCP0000190,MC0037,P000479,2753.01,635,1
MCP0000191,MC0089,P000433,83.97,1072,2
MCP0000192,MC0028,P000942,1849.65,193,4
MCP0000193,MC0074,P000075,687.34,481,1
MCP0000194,MC0086,P000715,1224.06,96,1
MCP0000195,MC0024,P001245,1302.85,1020,5
MCP0000196,MC0060,P001287,181.17,425,1
MCP0000197,MC0096,P000831,480.36,1059,4
MCP0000198,MC0069,P000788,1601.97,383,5
MCP0000199,MC0067,P001453,1490.96,512,4
MCP0000200,MC0093,P001074,539.45,418,4
MCP0000201,MC0041,P000968,1597.54,81,1
MCP0000202,MC0072,P000413,171.56,371,3
MCP0000203,MC0100,P001123,2193.9,327,5
MCP0000204,MC0074,P000124,680.47,1096,5
MCP0000205,MC0038,P000643,2317.21,339,5
MCP0000206,MC0026,P000198,873.53,1003,3
MCP0000207,MC0026,P000370,696.31,1105,4
MCP0000208,MC0049,P000662,1688.5,336,1
MCP0000209,MC0001,P000696,97.4,1000,1
MCP0000210,MC0085,P000581,141.08,195,3
MCP0000211,MC0068,P000479,2548.0,996,3
MCP0000212,MC0061,P000876,2341.81,839,1
MCP0000213,MC0070,P000746,1292.58,198,4
MCP0000214,MC0086,P000999,34.1,61,4
MCP0000215,MC0084,P000318,1127.57,464,2
MCP0000216,MC0022,P000005,1696.3,1091,4
MCP0000217,MC0028,P001291,675.04,967,5
MCP0000218,MC0062,P001454,977.3,305,2
MCP0000219,MC0053,P001210,1402.46,68,2
MCP0000220,MC0050,P000663,30.39,1127,5
MCP0000221,MC0009,P000434,322.54,599,3
MCP0000222,MC0022,P001016,1737.46,1156,4
MCP0000223,MC0056,P000805,1362.9,73,1
MCP0000224,MC0041,P001314,1222.29,972,1
MCP0000225,MC0077,P000886,3015.47,477,3
MCP0000226,MC0098,P000487,2111.44,306,5
MCP0000227,MC0070,P001477,1153.97,179,1
MCP0000228,MC0040,P000177,1789.66,931,5
MCP0000229,MC0066,P000676,435.45,120,4
MCP0000230,MC0044,P000226,2919.02,370,5
MCP0000231,MC0084,P000962,1057.64,460,5
MCP0000232,MC0073,P000983,2102.98,425,2
MCP0000233,MC0091,P000775,1882.38,161,4
MCP0000234,MC0061,P000314,1115.74,694,4
MCP0000235,MC0040,P000895,193.35,682,1
MCP0000236,MC0091,P000995,138.85,288,1
MCP0000237,MC0041,P000390,1993.9,960,1
MCP0000238,MC0086,P000454,1420.48,1116,5
MCP0000239,MC0010,P000451,3102.62,512,5
MCP0000240,MC0018,P000991,2878.07,749,2
MCP0000241,MC0035,P000091,2192.76,894,3
MCP0000242,MC0096,P000960,101.6,363,4
MCP0000243,MC0020,P001133,878.99,649,5
MCP0000244,MC0048,P000826,501.71,1038,1
MCP0000245,MC0012,P000030,739.26,1196,5
MCP0000246,MC0078,P000657,139.25,748,2
MCP0000247,MC0023,P001244,1090.76,325,3
MCP0000248,MC0067,P001164,927.97,679,5
MCP0000249,MC0092,P000430,1981.99,359,2
MCP0000250,MC0062,P001335,2576.64,874,5
MCP0000251,MC0036,P000723,1023.2,532,4
MCP0000252,MC0004,P000558,361.14,465,5
MCP0000253,MC0034,P001183,1709.33,1162,2
MCP0000254,MC0099,P001417,2578.88,629,4
MCP0000255,MC0071,P000249,1913.92,635,2
MCP0000256,MC0027,P001189,1011.74,890,3
MCP0000257,MC0008,P000063,814.96,952,3
MCP0000258,MC0005,P000728,2328.41,294,3
MCP0000259,MC0065,P001097,1713.23,701,2
MCP0000260,MC0063,P000654,2066.28,971,3
MCP0000261,MC0056,P000963,2053.92,691,3
MCP0000262,MC0067,P001401,2354.57,513,4
MCP0000263,MC0081,P000361,951.93,95,4
MCP0000264,MC0082,P000413,209.21,1178,2
MCP0000265,MC0004,P001428,889.65,745,2
MCP0000266,MC0089,P001493,645.42,397,4
MCP0000267,MC0088,P000806,1844.79,443,5
MCP0000268,MC0088,P001137,503.67,46,1
MCP0000269,MC0038,P000077,1884.25,614,1
MCP0000270,MC0003,P000806,2133.65,413,5
MCP0000271,MC0052,P001018,1544.95,567,3
MCP0000272,MC0061,P000279,985.66,264,5
MCP0000273,MC0064,P000290,1128.03,952,3
MCP0000274,MC0022,P001003,943.92,985,5
MCP0000275,MC0024,P001205,594.5,379,4
MCP0000276,MC0082,P000912,2848.56,807,1
MCP0000277,MC0054,P000134,2869.94,610,2
MCP0000278,MC0064,P001360,1335.47,1001,1
MCP0000279,MC0098,P000376,1667.76,1177,2
MCP0000280,MC0056,P001192,2259.73,451,1
MCP0000281,MC0071,P001006,1037.64,982,2
MCP0000282,MC0055,P000492,2205.09,155,5
MCP0000283,MC0043,P000990,408.05,1142,5
MCP0000284,MC0025,P000684,558.65,1078,5
MCP0000285,MC0043,P000902,2066.51,1082,1
MCP0000286,MC0035,P001247,1677.71,1102,4
MCP0000287,MC0059,P000516,695.49,994,5
MCP0000288,MC0013,P000193,1036.74,807,4
MCP0000289,MC0073,P001144,1906.93,378,1
MCP0000290,MC0068,P001344,1690.94,144,1
MCP0000291,MC0025,P001203,1546.37,485,1
MCP0000292,MC0065,P000303,554.95,1066,3
MCP0000293,MC0058,P000828,166.35,681,5
MCP0000294,MC0067,P001149,196.15,240,2
MCP0000295,MC0079,P000435,2401.09,864,4
MCP0000296,MC0098,P000208,779.18,406,1
MCP0000297,MC0064,P001065,806.12,588,1
MCP0000298,MC0037,P001480,2200.59,338,5
MCP0000299,MC0008,P000938,825.65,165,5
MCP0000300,MC0089,P000470,2676.31,1175,2
MCP0000301,MC0037,P000870,2328.87,531,1
MCP0000302,MC0020,P000267,2322.74,34,2
MCP0000303,MC0056,P000798,88.04,970,3
MCP0000304,MC0073,P000287,2123.32,431,2
MCP0000305,MC0054,P001056,610.04,796,2
MCP0000306,MC0042,P000485,735.12,195,5
MCP0000307,MC0041,P000113,1696.59,222,3
MCP0000308,MC0096,P001069,61.94,831,4
MCP0000309,MC0051,P001049,1146.94,676,5
MCP0000310,MC0026,P001120,1108.4,329,4
MCP0000311,MC0005,P000514,2716.63,333,5
MCP0000312,MC0008,P000307,2607.06,830,3
MCP0000313,MC0082,P001408,1607.46,1105,4
MCP0000314,MC0096,P000452,1143.14,702,5
MCP0000315,MC0029,P000550,859.16,721,4
MCP0000316,MC0076,P000539,2584.56,239,4
MCP0000317,MC0037,P001336,1961.61,810,4
MCP0000318,MC0025,P000822,1195.05,160,3
MCP0000319,MC0002,P000728,1971.42,1139,1
MCP0000320,MC0015,P001360,1326.71,580,4
MCP0000321,MC0023,P000093,179.18,445,5
MCP0000322,MC0100,P001041,459.84,317,2
MCP0000323,MC0091,P000125,2629.32,388,4
MCP0000324,MC0070,P001431,1842.24,702,4
MCP0000325,MC0058,P000046,2339.99,292,3
MCP0000326,MC0062,P000490,1742.14,687,4
MCP0000327,MC0040,P001406,528.32,391,5
MCP0000328,MC0035,P001142,3147.08,136,4
MCP0000329,MC0041,P000836,2107.12,369,3
MCP0000330,MC0026,P000161,1245.83,968,2
MCP0000331,MC0042,P001088,2712.34,120,4
MCP0000332,MC0088,P000219,2451.57,1038,5
MCP0000333,MC0090,P001206,756.67,605,2
MCP0000334,MC0067,P001334,654.19,696,1
MCP0000335,MC0055,P000867,784.01,806,4
MCP0000336,MC0093,P000754,807.95,1171,5
MCP0000337,MC0005,P001383,2509.62,890,4
MCP0000338,MC0033,P000929,2643.34,437,2
MCP0000339,MC0072,P000987,1941.66,1042,2
MCP0000340,MC0023,P000222,349.0,694,5
MCP0000341,MC0071,P000678,1012.68,935,1
MCP0000342,MC0093,P000842,2240.19,657,4
MCP0000343,MC0080,P001277,365.35,505,3
MCP0000344,MC0054,P001303,1970.8,307,4
MCP0000345,MC0031,P000920,719.24,631,4
MCP0000346,MC0029,P001299,2158.63,969,5
MCP0000347,MC0074,P000770,101.55,797,1
MCP0000348,MC0058,P001482,777.75,1043,1
MCP0000349,MC0063,P000379,1367.97,484,3
MCP0000350,MC0068,P000401,2195.81,585,3
MCP0000351,MC0028,P000997,1067.3,337,3
MCP0000352,MC0020,P000140,1645.26,175,4
MCP0000353,MC0077,P001004,2626.97,1124,1
MCP0000354,MC0053,P000899,942.9,535,3
MCP0000355,MC0019,P000822,1111.26,835,3
MCP0000356,MC0015,P001119,783.68,208,5
MCP0000357,MC0031,P000362,1642.81,1105,3
MCP0000358,MC0070,P000432,381.74,477,1
MCP0000359,MC0041,P000975,242.85,583,1
MCP0000360,MC0013,P001311,161.0,70,4
MCP0000361,MC0079,P000336,591.52,834,2
MCP0000362,MC0059,P000855,1554.49,511,5
MCP0000363,MC0090,P000362,1755.33,389,4
MCP0000364,MC0011,P000603,1543.52,662,2
MCP0000365,MC0056,P001407,559.11,334,4
MCP0000366,MC0078,P000136,1220.96,136,5
MCP0000367,MC0072,P000686,1487.39,1151,4
MCP0000368,MC0032,P000567,739.08,1138,4
MCP0000369,MC0039,P000447,1006.1,1048,4
MCP0000370,MC0029,P000875,448.11,1023,1
MCP0000371,MC0006,P000513,1874.04,83,4
MCP0000372,MC0015,P000809,719.25,1142,4
MCP0000373,MC0020,P000981,1502.75,1174,1
MCP0000374,MC0099,P000471,468.3,782,2
MCP0000375,MC0078,P000510,1955.31,119,2
MCP0000376,MC0038,P000310,22.97,1142,5
MCP0000377,MC0069,P000440,1437.4,1086,2
MCP0000378,MC0021,P001205,718.87,906,4
MCP0000379,MC0081,P001384,713.97,332,4
MCP0000380,MC0021,P000700,2803.05,932,2
MCP0000381,MC0047,P000912,2660.81,1133,5
MCP0000382,MC0009,P001055,2156.01,279,3
MCP0000383,MC0092,P000063,635.88,268,5
MCP0000384,MC0046,P000662,1890.17,97,5
MCP0000385,MC0034,P000752,2462.86,959,1
MCP0000386,MC0010,P000092,2451.68,73,2
MCP0000387,MC0098,P001339,469.14,54,5
MCP0000388,MC0076,P000242,683.71,1019,5
MCP0000389,MC0095,P000487,2019.31,704,1
MCP0000390,MC0025,P000061,2574.2,655,5
MCP0000391,MC0076,P001142,2604.99,194,2
MCP0000392,MC0009,P000361,706.65,594,4
MCP0000393,MC0076,P001411,654.4,1065,3
MCP0000394,MC0023,P001042,2153.31,291,4
MCP0000395,MC0053,P001390,2028.77,329,3
MCP0000396,MC0018,P001404,2331.22,965,5
MCP0000397,MC0050,P000917,341.87,947,4
MCP0000398,MC0034,P000188,1844.12,430,1
MCP0000399,MC0004,P001119,863.65,217,2
MCP0000400,MC0071,P000643,2888.52,534,2
MCP0000401,MC0014,P000746,1143.66,1070,1
MCP0000402,MC0010,P001484,2180.18,930,3
MCP0000403,MC0092,P000417,2080.72,272,1
MCP0000404,MC0084,P001405,727.6,913,4
MCP0000405,MC0026,P001095,838.44,733,4
MCP0000406,MC0065,P000708,1487.0,399,3
MCP0000407,MC0018,P000455,699.68,894,3
MCP0000408,MC0061,P001197,722.53,1158,4
MCP0000409,MC0005,P001428,983.63,429,1
MCP0000410,MC0033,P000004,656.15,182,1
MCP0000411,MC0003,P000193,1459.79,395,5
MCP0000412,MC0070,P000784,1514.97,84,2
MCP0000413,MC0046,P000453,411.25,661,5
MCP0000414,MC0098,P001460,1474.73,120,1
MCP0000415,MC0098,P000453,424.63,415,5
MCP0000416,MC0088,P000239,1641.1,561,5
MCP0000417,MC0024,P000860,947.21,162,2
MCP0000418,MC0041,P000724,434.43,655,1
MCP0000419,MC0091,P000117,1243.46,916,2
MCP0000420,MC0084,P000838,1044.17,944,4
MCP0000421,MC0016,P001026,2235.31,73,5
MCP0000422,MC0057,P001211,1337.1,913,1
MCP0000423,MC0091,P000648,1624.84,486,4
MCP0000424,MC0065,P001204,1007.82,338,1
MCP0000425,MC0069,P001227,94.96,178,2
MCP0000426,MC0052,P000971,417.51,494,1
MCP0000427,MC0009,P000639,2339.14,844,2
MCP0000428,MC0048,P000660,287.0,719,3
MCP0000429,MC0046,P001281,1858.08,416,5
MCP0000430,MC0094,P001290,1578.21,801,4
MCP0000431,MC0013,P001141,761.78,533,5
MCP0000432,MC0012,P000296,1916.98,946,1
MCP0000433,MC0082,P000202,1924.01,1037,5
MCP0000434,MC0024,P000346,2010.97,886,5
MCP0000435,MC0080,P001398,1173.67,554,4
MCP0000436,MC0064,P001060,1656.64,792,4
MCP0000437,MC0088,P000361,1030.61,918,1
MCP0000438,MC0078,P000392,1693.85,277,2
MCP0000439,MC0033,P001353,1662.13,230,3
MCP0000440,MC0091,P000219,2722.21,909,2
MCP0000441,MC0093,P001150,213.67,473,4
MCP0000442,MC0036,P000273,2490.53,335,5
MCP0000443,MC0027,P001326,1707.95,672,5
MCP0000444,MC0016,P001441,606.5,1013,5
MCP0000445,MC0099,P000406,303.07,821,5
MCP0000446,MC0043,P001457,744.29,581,1
MCP0000447,MC0099,P000048,142.01,101,5
MCP0000448,MC0055,P000646,116.05,959,3
MCP0000449,MC0047,P001307,867.0,845,1
MCP0000450,MC0070,P000876,2530.73,232,2
MCP0000451,MC0017,P000082,2497.79,841,2
MCP0000452,MC0047,P000653,2816.71,874,3
MCP0000453,MC0051,P000542,105.04,703,5
MCP0000454,MC0060,P000653,3047.91,558,4
MCP0000455,MC0041,P000250,447.12,694,5
MCP0000456,MC0016,P000504,282.39,311,4
MCP0000457,MC0039,P000279,1303.08,225,2
MCP0000458,MC0016,P001013,1925.86,677,4
MCP0000459,MC0094,P001006,1437.1,683,5
MCP0000460,MC0007,P000955,472.46,387,4
MCP0000461,MC0019,P001112,1124.34,747,4
MCP0000462,MC0069,P000262,468.56,1030,3
MCP0000463,MC0085,P000925,2360.98,1112,3
MCP0000464,MC0061,P001492,243.94,206,4
MCP0000465,MC0072,P000795,343.5,278,5
MCP0000466,MC0035,P000530,2271.25,1106,3
MCP0000467,MC0089,P001485,1861.01,58,2
MCP0000468,MC0014,P001258,1425.77,1126,1
MCP0000469,MC0003,P000126,836.47,791,3
MCP0000470,MC0093,P000150,1279.43,881,4
MCP0000471,MC0037,P000619,394.31,174,5
MCP0000472,MC0076,P000603,2045.94,532,1
MCP0000473,MC0084,P000888,1521.49,288,1
MCP0000474,MC0082,P000467,887.08,498,5
MCP0000475,MC0043,P001064,2745.2,191,5
MCP0000476,MC0081,P001470,1436.63,738,2
MCP0000477,MC0057,P000966,1812.88,707,1
MCP0000478,MC0040,P001386,2314.75,772,2
MCP0000479,MC0040,P000027,1029.64,554,2
MCP0000480,MC0071,P000221,233.12,1070,2
MCP0000481,MC0098,P000789,2471.47,714,4
MCP0000482,MC0074,P000004,626.01,446,2
MCP0000483,MC0090,P001427,2118.28,476,3
MCP0000484,MC0042,P000946,2831.35,1066,5
MCP0000485,MC0099,P001374,592.21,857,2
MCP0000486,MC0083,P001377,1836.36,1039,5
MCP0000487,MC0038,P001273,1956.25,739,2
MCP0000488,MC0090,P000533,1351.29,1170,2
MCP0000489,MC0015,P001494,1322.26,357,5
MCP0000490,MC0074,P001231,241.93,541,3
MCP0000491,MC0085,P000671,1842.09,531,5
MCP0000492,MC0020,P001037,168.83,1015,2
MCP0000493,MC0003,P000564,1187.37,1036,1
MCP0000494,MC0049,P000132,804.03,517,2
MCP0000495,MC0058,P000058,1072.66,534,4
MCP0000496,MC0069,P001450,916.2,317,4
MCP0000497,MC0053,P000179,2560.2,92,4
MCP0000498,MC0016,P001271,624.63,587,4
MCP0000499,MC0002,P000093,163.53,817,4
MCP0000500,MC0090,P000829,377.11,386,3
MCP0000501,MC0066,P000396,2596.65,718,4
MCP0000502,MC0069,P000045,671.76,450,4
MCP0000503,MC0064,P000071,1872.08,774,4
MCP0000504,MC0030,P000195,720.12,511,5
MCP0000505,MC0072,P001444,2361.6,582,3
MCP0000506,MC0027,P001075,1820.5,831,5
MCP0000507,MC0069,P000566,1745.68,842,1
MCP0000508,MC0028,P001191,867.83,146,2
MCP0000509,MC0066,P000726,1184.39,862,3
MCP0000510,MC0081,P000803,2450.85,669,5
MCP0000511,MC0063,P000722,1261.52,978,4
MCP0000512,MC0054,P001450,937.71,958,4
MCP0000513,MC0071,P001490,1859.27,219,5
MCP0000514,MC0020,P001256,1064.73,971,4
MCP0000515,MC0038,P001165,1141.2,423,4
MCP0000516,MC0075,P000013,1036.74,889,2
MCP0000517,MC0092,P000256,2236.51,759,2
MCP0000518,MC0066,P000053,2160.33,624,1
MCP0000519,MC0060,P000120,1348.63,696,1
MCP0000520,MC0054,P001489,567.22,282,2
MCP0000521,MC0099,P001087,621.67,1039,5
MCP0000522,MC0032,P001274,2015.44,126,1
MCP0000523,MC0007,P000771,163.14,1030,3
MCP0000524,MC0028,P001020,2760.22,457,1
MCP0000525,MC0079,P000075,724.84,807,1
MCP0000526,MC0002,P000543,1014.27,730,2
MCP0000527,MC0057,P000861,868.9,1043,5
MCP0000528,MC0099,P001291,665.1,1185,3
MCP0000529,MC0018,P000848,2296.67,903,4
MCP0000530,MC0025,P000829,384.96,699,1
MCP0000531,MC0083,P001075,2273.25,627,1
MCP0000532,MC0011,P000773,1516.69,870,2
MCP0000533,MC0005,P001097,1939.26,618,3
MCP0000534,MC0090,P001219,928.03,755,2
MCP0000535,MC0069,P000587,873.45,224,1
MCP0000536,MC0019,P000194,2094.88,218,2
MCP0000537,MC0100,P000151,3061.51,1023,2
MCP0000538,MC0002,P000487,1756.28,588,3
MCP0000539,MC0005,P001387,624.76,380,2
MCP0000540,MC0069,P000686,1318.23,110,5
MCP0000541,MC0051,P000356,860.3,777,4
MCP0000542,MC0052,P000216,2748.8,799,3
MCP0000543,MC0029,P001307,950.35,114,1
MCP0000544,MC0066,P001197,773.61,55,4
MCP0000545,MC0087,P001071,1660.19,165,5
MCP0000546,MC0042,P000790,964.19,1042,5
MCP0000547,MC0080,P001018,1428.86,758,2
MCP0000548,MC0083,P001126,478.2,929,1
MCP0000549,MC0017,P001457,576.59,95,4
MCP0000550,MC0009,P000667,2360.05,524,1
MCP0000551,MC0060,P000056,1039.48,831,1
MCP0000552,MC0056,P000156,980.64,727,1
MCP0000553,MC0012,P000815,2320.54,475,4
MCP0000554,MC0065,P001229,789.53,762,1
MCP0000555,MC0027,P001446,2397.23,712,5
MCP0000556,MC0008,P001341,2911.22,56,2
MCP0000557,MC0034,P000972,2461.62,588,3
MCP0000558,MC0065,P000824,702.85,357,3
MCP0000559,MC0092,P000288,1825.93,252,5
MCP0000560,MC0036,P000192,1069.09,968,3
MCP0000561,MC0018,P001258,1171.08,1191,2
MCP0000562,MC0063,P000673,2586.84,237,4
MCP0000563,MC0006,P000902,1894.15,1004,5
MCP0000564,MC0044,P001256,1369.53,955,5
MCP0000565,MC0004,P000264,591.27,72,2
MCP0000566,MC0041,P001173,2112.94,738,2
MCP0000567,MC0077,P000656,709.41,1046,2
MCP0000568,MC0023,P000678,1232.6,995,3
MCP0000569,MC0078,P001456,2211.16,1006,1
MCP0000570,MC0023,P001302,158.78,217,5
MCP0000571,MC0083,P000525,1837.14,168,3
MCP0000572,MC0043,P000200,1602.57,685,1
MCP0000573,MC0062,P001275,2399.01,522,4
MCP0000574,MC0070,P000244,2123.93,1197,2
MCP0000575,MC0007,P001442,959.31,947,3
MCP0000576,MC0038,P000605,2017.76,600,4
MCP0000577,MC0036,P001150,248.95,136,1
MCP0000578,MC0007,P001474,1964.2,377,4
MCP0000579,MC0001,P001474,2032.55,70,4
MCP0000580,MC0031,P001441,781.39,623,2
MCP0000581,MC0095,P001346,997.15,175,5
MCP0000582,MC0020,P001215,901.31,264,4
MCP0000583,MC0085,P000388,1343.79,709,1
MCP0000584,MC0032,P001350,2048.17,666,5
MCP0000585,MC0061,P000239,1880.07,421,3
MCP0000586,MC0004,P000599,1463.69,32,2
MCP0000587,MC0019,P000486,902.15,894,5
MCP0000588,MC0021,P001111,1421.36,1046,4
MCP0000589,MC0021,P001020,2729.54,327,5
MCP0000590,MC0055,P000188,2064.44,272,5
MCP0000591,MC0065,P000198,720.46,659,2
MCP0000592,MC0025,P000496,2732.63,719,4
MCP0000593,MC0002,P000169,28.59,164,4
MCP0000594,MC0025,P000387,2443.74,593,2
MCP0000595,MC0056,P000521,1835.66,526,5
MCP0000596,MC0047,P001149,221.02,360,5
MCP0000597,MC0081,P000060,2407.61,1090,3
MCP0000598,MC0045,P000812,1535.56,212,2
MCP0000599,MC0005,P000342,3027.42,1171,5
MCP0000600,MC0067,P000256,2450.69,316,5
MCP0000601,MC0080,P000244,1977.6,242,2
MCP0000602,MC0060,P000793,2100.92,957,4
MCP0000603,MC0020,P000627,967.16,205,3
MCP0000604,MC0024,P000740,26.55,1173,4
MCP0000605,MC0063,P000617,1598.62,213,4
MCP0000606,MC0095,P000596,124.67,748,4
MCP0000607,MC0092,P001157,144.35,504,1
MCP0000608,MC0074,P000544,383.77,147,3
MCP0000609,MC0039,P001373,2388.06,911,5
MCP0000610,MC0050,P001186,1043.73,133,1
MCP0000611,MC0011,P000715,1135.37,682,4
MCP0000612,MC0077,P000784,1293.33,736,3
MCP0000613,MC0056,P000852,2083.99,414,5
MCP0000614,MC0071,P000401,2448.18,519,2
MCP0000615,MC0020,P000032,2162.86,1092,1
MCP0000616,MC0004,P000055,1285.69,624,2
MCP0000617,MC0057,P001356,425.88,861,5
MCP0000618,MC0036,P000398,1000.89,251,4
MCP0000619,MC0089,P000744,1271.27,963,2
MCP0000620,MC0002,P001058,2057.11,1110,2
MCP0000621,MC0041,P000036,1906.4,401,1
MCP0000622,MC0054,P000981,1609.46,1151,4
MCP0000623,MC0073,P000341,319.35,452,3
MCP0000624,MC0007,P001105,2610.28,707,1
MCP0000625,MC0094,P001475,2500.26,843,1
MCP0000626,MC0029,P001403,282.83,414,1
MCP0000627,MC0018,P000189,731.63,1149,2
MCP0000628,MC0025,P000166,2699.17,878,2
MCP0000629,MC0019,P000705,1872.94,289,5
MCP0000630,MC0054,P001350,1942.85,307,5
MCP0000631,MC0078,P001392,1502.85,327,3
MCP0000632,MC0058,P001059,388.68,228,2
MCP0000633,MC0072,P000699,687.12,1021,4
MCP0000634,MC0088,P001258,1002.99,1170,4
MCP0000635,MC0074,P000273,2569.17,534,2
MCP0000636,MC0078,P001303,1750.46,354,3
MCP0000637,MC0049,P000293,1994.95,859,5
MCP0000638,MC0059,P000313,1962.23,108,2
MCP0000639,MC0049,P001047,2791.48,38,4
MCP0000640,MC0064,P001472,116.88,808,5
MCP0000641,MC0090,P000216,2091.79,926,1
MCP0000642,MC0044,P000446,306.92,968,4
MCP0000643,MC0063,P001010,2507.81,698,4
MCP0000644,MC0011,P001364,483.41,243,4
MCP0000645,MC0034,P001013,2591.6,49,5
MCP0000646,MC0075,P001132,767.59,773,3
MCP0000647,MC0088,P001255,1549.39,1057,1
MCP0000648,MC0079,P000231,700.69,298,4
MCP0000649,MC0017,P000617,2216.12,422,3
MCP0000650,MC0053,P001289,1723.3,504,4
MCP0000651,MC0091,P000782,2128.16,177,2
MCP0000652,MC0095,P000950,1758.93,383,2
MCP0000653,MC0062,P001437,507.95,1087,4
MCP0000654,MC0036,P001161,2042.96,595,1
MCP0000655,MC0095,P000434,291.65,659,2
MCP0000656,MC0010,P000657,125.47,1172,2
MCP0000657,MC0021,P000072,1779.82,1079,5
MCP0000658,MC0059,P001393,301.8,258,1
MCP0000659,MC0023,P000192,1102.86,377,2
MCP0000660,MC0038,P000649,1885.86,667,3
MCP0000661,MC0072,P000331,2139.6,352,1
MCP0000662,MC0051,P001420,2140.1,1061,2
MCP0000663,MC0002,P000891,15.38,1161,3
MCP0000664,MC0067,P001147,1349.49,1026,3
MCP0000665,MC0052,P001371,984.19,241,1
MCP0000666,MC0022,P001280,66.65,1155,5
MCP0000667,MC0004,P000547,2305.69,876,1
MCP0000668,MC0073,P000128,953.17,462,4
MCP0000669,MC0061,P001484,2179.92,216,5
MCP0000670,MC0095,P000543,938.69,764,5
MCP0000671,MC0077,P000657,133.25,540,5
MCP0000672,MC0039,P001300,2301.06,1150,4
MCP0000673,MC0082,P001171,2429.8,497,1
MCP0000674,MC0056,P000363,488.93,1148,2
MCP0000675,MC0027,P000499,550.59,1074,1
MCP0000676,MC0052,P000850,1187.22,439,3
MCP0000677,MC0077,P001194,2560.93,884,1
MCP0000678,MC0025,P001209,1067.86,720,3
MCP0000679,MC0014,P000543,971.32,947,1
MCP0000680,MC0075,P000249,2681.44,137,1
MCP0000681,MC0008,P000659,1807.29,649,3
MCP0000682,MC0013,P001285,405.81,56,2
MCP0000683,MC0050,P001303,2413.94,255,2
MCP0000684,MC0057,P001429,61.29,1197,5
MCP0000685,MC0100,P000309,1392.15,436,5
MCP0000686,MC0063,P000151,2855.12,290,5
MCP0000687,MC0024,P000778,40.95,674,5
MCP0000688,MC0021,P000811,1595.85,573,5
MCP0000689,MC0017,P000326,1650.63,1174,1
MCP0000690,MC0014,P001054,324.77,1034,1
MCP0000691,MC0017,P000261,391.6,423,3
MCP0000692,MC0094,P000531,1266.57,60,3
MCP0000693,MC0007,P000421,2833.2,860,5
MCP0000694,MC0043,P001246,1652.44,1064,4
MCP0000695,MC0076,P001012,527.46,463,4
MCP0000696,MC0095,P000820,2274.69,283,3
MCP0000697,MC0006,P000297,2436.36,413,5
MCP0000698,MC0100,P000141,453.32,731,5
MCP0000699,MC0073,P000261,458.34,289,3
MCP0000700,MC0002,P001484,2631.96,593,5
MCP0000701,MC0027,P000155,1469.49,1047,5
MCP0000702,MC0073,P000205,1664.27,343,2
MCP0000703,MC0051,P001446,2108.86,1019,1
MCP0000704,MC0087,P001092,1630.99,1049,3
MCP0000705,MC0065,P000293,2269.78,835,4
MCP0000706,MC0073,P000792,111.1,1033,4
MCP0000707,MC0021,P000415,1895.89,752,4
MCP0000708,MC0095,P001495,311.68,815,4
MCP0000709,MC0100,P001365,1633.97,956,1
MCP0000710,MC0091,P000379,1339.88,749,3
MCP0000711,MC0021,P000126,899.85,897,5
MCP0000712,MC0074,P000142,727.62,1145,4
MCP0000713,MC0040,P000043,2037.22,644,2
MCP0000714,MC0013,P001057,258.97,998,4
MCP0000715,MC0098,P000266,275.84,877,4
MCP0000716,MC0039,P000567,839.29,506,3
MCP0000717,MC0064,P000646,147.13,434,2
MCP0000718,MC0055,P001192,2059.84,504,5
MCP0000719,MC0075,P000934,1822.99,601,3
MCP0000720,MC0014,P001453,1433.59,727,4
MCP0000721,MC0028,P000573,94.87,1096,4
MCP0000722,MC0080,P000625,681.39,1029,5
MCP0000723,MC0075,P000112,2241.17,279,4
MCP0000724,MC0043,P000794,1427.19,677,5
MCP0000725,MC0028,P001422,793.39,894,3
MCP0000726,MC0089,P001290,1575.58,82,3
MCP0000727,MC0053,P000202,1616.21,739,2
MCP0000728,MC0088,P000011,1533.3,1134,2
MCP0000729,MC0025,P000039,296.0,1150,4
MCP0000730,MC0038,P000500,1752.44,746,2
MCP0000731,MC0099,P000353,779.28,640,2
MCP0000732,MC0019,P000377,1452.19,751,2
MCP0000733,MC0066,P000872,2531.17,222,2
MCP0000734,MC0010,P000812,1355.26,409,4
MCP0000735,MC0007,P001139,1766.32,1017,2
MCP0000736,MC0039,P000745,1898.17,1096,5
MCP0000737,MC0086,P001487,461.7,131,2
MCP0000738,MC0070,P001420,1998.85,178,1
MCP0000739,MC0084,P001152,102.85,906,3
MCP0000740,MC0062,P000760,1112.85,420,1
MCP0000741,MC0037,P000531,1071.75,865,5
MCP0000742,MC0068,P000264,557.81,753,4
MCP0000743,MC0086,P000602,1972.37,573,3
MCP0000744,MC0094,P001238,1444.84,472,3
MCP0000745,MC0056,P000875,388.47,1158,5
MCP0000746,MC0086,P000035,2354.75,967,5
MCP0000747,MC0036,P000575,2573.42,629,4
MCP0000748,MC0089,P001216,540.99,488,1
MCP0000749,MC0074,P001206,676.19,731,3
MCP0000750,MC0012,P001169,1769.12,138,5
MCP0000751,MC0076,P001039,2503.33,627,3
MCP0000752,MC0086,P000736,2425.19,1145,4
MCP0000753,MC0089,P001216,570.79,887,1
MCP0000754,MC0065,P000550,852.2,712,3
MCP0000755,MC0096,P001001,615.03,1042,3
MCP0000756,MC0017,P001303,2299.24,991,3
MCP0000757,MC0021,P000192,852.52,1151,2
MCP0000758,MC0054,P001478,396.69,464,3
MCP0000759,MC0033,P000375,2046.52,541,3
MCP0000760,MC0027,P000243,1629.69,1158,2
MCP0000761,MC0085,P001391,1918.06,1121,3
MCP0000762,MC0060,P000499,734.07,445,3
MCP0000763,MC0044,P001113,1665.68,169,2
MCP0000764,MC0006,P000204,66.67,61,4
MCP0000765,MC0024,P001440,1194.59,428,1
MCP0000766,MC0075,P001367,2298.64,838,5
MCP0000767,MC0045,P001060,2022.67,914,5
MCP0000768,MC0019,P001149,172.56,1068,5
MCP0000769,MC0069,P001084,942.32,647,4
MCP0000770,MC0062,P001040,1825.83,1142,3
MCP0000771,MC0081,P000771,129.03,126,3
MCP0000772,MC0015,P001286,2404.62,52,5
MCP0000773,MC0019,P001218,2066.32,119,3
MCP0000774,MC0033,P000831,428.78,174,2
MCP0000775,MC0021,P000045,710.13,1197,5
MCP0000776,MC0022,P000303,449.4,536,2
MCP0000777,MC0076,P000414,1416.59,580,2
MCP0000778,MC0050,P000473,902.94,705,3
MCP0000779,MC0006,P000022,579.53,65,5
MCP0000780,MC0066,P000687,1041.32,1148,3
MCP0000781,MC0086,P001354,2649.62,135,3
MCP0000782,MC0030,P001225,1829.16,864,5
MCP0000783,MC0042,P001133,1077.79,773,3
MCP0000784,MC0065,P000677,1732.72,1014,2
MCP0000785,MC0046,P001229,897.75,691,3
MCP0000786,MC0069,P000515,2515.33,839,2
MCP0000787,MC0088,P001145,142.62,556,3
MCP0000788,MC0025,P000412,456.48,36,2
MCP0000789,MC0019,P000311,2685.1,1101,1
MCP0000790,MC0037,P000903,2555.06,751,2
MCP0000791,MC0018,P000983,2367.61,217,3
MCP0000792,MC0038,P001031,1522.16,744,1
MCP0000793,MC0065,P000194,2174.22,1154,5
MCP0000794,MC0089,P000027,1065.7,984,1
MCP0000795,MC0014,P000560,1664.64,78,1
MCP0000796,MC0081,P000353,688.67,66,4
MCP0000797,MC0022,P000715,1162.88,373,4
MCP0000798,MC0020,P001267,573.3,885,2
MCP0000799,MC0036,P000941,2055.07,526,3
MCP0000800,MC0082,P001344,2020.32,540,1
MCP0000801,MC0047,P000866,2229.47,35,5
MCP0000802,MC0016,P001075,1640.25,857,5
MCP0000803,MC0025,P000257,1140.28,483,5
MCP0000804,MC0061,P000173,2054.97,314,1
MCP0000805,MC0076,P001265,1825.8,466,1
MCP0000806,MC0007,P001085,263.02,850,1
MCP0000807,MC0097,P000812,1368.15,1165,1
MCP0000808,MC0022,P000251,2324.29,65,5
MCP0000809,MC0042,P000415,1744.07,141,2
MCP0000810,MC0011,P000707,532.16,439,3
MCP0000811,MC0090,P000476,2660.08,94,5
MCP0000812,MC0033,P000504,289.21,791,1
MCP0000813,MC0034,P001324,2282.43,285,4
MCP0000814,MC0064,P000311,2394.78,1099,1
MCP0000815,MC0100,P000808,2122.64,1151,4
MCP0000816,MC0034,P001426,1794.18,558,5
MCP0000817,MC0009,P001355,620.98,146,2
MCP0000818,MC0013,P000545,1451.81,59,2
MCP0000819,MC0001,P001488,454.59,551,2
MCP0000820,MC0042,P000721,68.68,505,3
MCP0000821,MC0003,P000123,1080.41,589,2
MCP0000822,MC0057,P000665,333.21,762,1
MCP0000823,MC0034,P001146,75.68,768,3
MCP0000824,MC0089,P000147,1508.26,1020,2
MCP0000825,MC0095,P000968,1577.2,487,3
MCP0000826,MC0072,P000817,2287.75,518,4
MCP0000827,MC0089,P001342,2309.93,599,1
MCP0000828,MC0030,P001275,2043.72,558,2
MCP0000829,MC0017,P000203,1743.09,132,2
MCP0000830,MC0003,P000070,2313.6,632,1
MCP0000831,MC0020,P001190,2146.01,916,5
MCP0000832,MC0067,P000426,429.22,779,5
MCP0000833,MC0034,P000622,395.5,793,1
MCP0000834,MC0050,P001276,1153.01,454,1
MCP0000835,MC0094,P000759,1185.46,39,5
MCP0000836,MC0079,P001104,759.53,31,1
MCP0000837,MC0002,P000587,1017.68,1182,1
MCP0000838,MC0078,P000229,1690.71,128,1
MCP0000839,MC0083,P001278,157.77,563,4
MCP0000840,MC0070,P001170,1285.26,1056,3
MCP0000841,MC0056,P000850,1101.14,700,3
MCP0000842,MC0082,P000640,1242.88,440,2
MCP0000843,MC0012,P000595,901.5,44,2
MCP0000844,MC0003,P000247,662.16,605,2
MCP0000845,MC0029,P000262,503.5,1166,5
MCP0000846,MC0026,P000841,1673.62,836,3
MCP0000847,MC0033,P000894,1985.23,560,2
MCP0000848,MC0045,P001020,2691.09,195,4
MCP0000849,MC0061,P000504,413.51,593,2
MCP0000850,MC0003,P001198,2375.04,845,3
MCP0000851,MC0082,P001147,1478.79,724,3
MCP0000852,MC0096,P000321,1264.38,934,3
MCP0000853,MC0017,P001010,3017.96,1174,3
MCP0000854,MC0074,P000516,782.29,976,3
MCP0000855,MC0040,P001215,950.65,205,5
MCP0000856,MC0070,P001218,1673.39,311,3
MCP0000857,MC0100,P000156,780.12,817,3
MCP0000858,MC0062,P000640,1794.85,618,5
MCP0000859,MC0043,P000885,1090.06,86,5
MCP0000860,MC0085,P000290,1234.86,902,2
MCP0000861,MC0096,P000611,15.38,796,4
MCP0000862,MC0003,P000253,66.81,488,2
MCP0000863,MC0084,P000215,2658.1,513,1
MCP0000864,MC0022,P001090,2161.0,94,2
MCP0000865,MC0012,P000824,783.69,609,4
MCP0000866,MC0019,P000042,141.77,195,4
MCP0000867,MC0053,P000938,870.05,428,1
MCP0000868,MC0009,P000284,1597.57,597,3
MCP0000869,MC0068,P000207,2302.48,1049,3
MCP0000870,MC0058,P000720,74.19,1050,1
MCP0000871,MC0017,P001420,1909.05,827,3
MCP0000872,MC0039,P000079,2385.52,217,1
MCP0000873,MC0089,P001286,2086.25,331,1
MCP0000874,MC0067,P000815,2154.3,866,1
MCP0000875,MC0038,P001260,1902.57,411,5
MCP0000876,MC0093,P000963,1548.16,221,1
MCP0000877,MC0085,P000061,2482.99,646,2
MCP0000878,MC0010,P000660,234.63,704,4
MCP0000879,MC0029,P000004,610.22,507,1
MCP0000880,MC0005,P000654,2073.39,115,5
MCP0000881,MC0011,P000235,463.14,1007,4
MCP0000882,MC0019,P001240,1841.96,1102,4
MCP0000883,MC0098,P000192,1039.09,1056,2
MCP0000884,MC0030,P000255,1927.1,154,2
MCP0000885,MC0054,P000008,2355.03,905,4
MCP0000886,MC0040,P000196,797.8,309,4
MCP0000887,MC0036,P000266,307.69,259,2
MCP0000888,MC0056,P000995,166.33,341,4
MCP0000889,MC0081,P001204,766.95,31,1
MCP0000890,MC0056,P000954,346.06,508,5
MCP0000891,MC0013,P000346,2089.22,1184,2
MCP0000892,MC0073,P001009,3033.6,1004,5
MCP0000893,MC0005,P000891,16.96,622,4
MCP0000894,MC0088,P000720,79.88,674,1
MCP0000895,MC0054,P000621,1075.97,357,3
MCP0000896,MC0029,P001052,35.53,415,4
MCP0000897,MC0072,P000612,2371.95,898,3
MCP0000898,MC0100,P000527,1057.87,571,3
MCP0000899,MC0008,P000130,1617.22,780,1
MCP0000900,MC0088,P000735,82.54,1112,3
MCP0000901,MC0054,P000415,1831.63,340,4
MCP0000902,MC0006,P000784,1576.64,733,2
MCP0000903,MC0061,P000392,1891.89,980,2
MCP0000904,MC0038,P001303,2237.5,286,1
MCP0000905,MC0016,P000707,492.98,61,2
MCP0000906,MC0005,P001446,2200.39,362,1
MCP0000907,MC0011,P000639,2367.07,396,2
MCP0000908,MC0096,P000569,702.14,656,1
MCP0000909,MC0039,P000757,505.88,410,3
MCP0000910,MC0079,P000268,1901.37,1187,5
MCP0000911,MC0079,P000566,1434.29,597,2
MCP0000912,MC0092,P000210,2132.32,357,3
MCP0000913,MC0045,P000830,1876.32,1142,1
MCP0000914,MC0088,P000753,684.73,970,2
MCP0000915,MC0037,P000618,638.94,700,2
MCP0000916,MC0100,P000202,1976.37,1031,4
MCP0000917,MC0046,P001227,88.87,441,3
MCP0000918,MC0097,P000622,495.75,813,3
MCP0000919,MC0010,P000801,240.24,1112,3
MCP0000920,MC0069,P000363,414.27,855,1
MCP0000921,MC0080,P000168,564.77,840,2
MCP0000922,MC0063,P001372,1178.02,858,5
MCP0000923,MC0040,P000058,928.27,305,2
MCP0000924,MC0054,P000703,2378.95,374,3
MCP0000925,MC0075,P000433,76.05,875,3
MCP0000926,MC0092,P001266,1208.76,592,2
MCP0000927,MC0048,P001270,267.98,534,5
MCP0000928,MC0071,P001378,527.54,252,3
MCP0000929,MC0077,P001327,844.97,418,1
MCP0000930,MC0085,P000866,2251.19,1077,4
MCP0000931,MC0066,P000261,346.47,195,4
MCP0000932,MC0010,P001343,18.51,419,2
MCP0000933,MC0021,P000671,1768.29,206,3
MCP0000934,MC0070,P001301,919.96,94,4
MCP0000935,MC0021,P001190,1893.47,76,3
MCP0000936,MC0082,P000254,1742.82,545,4
MCP0000937,MC0035,P001139,1677.69,846,3
MCP0000938,MC0023,P001373,2312.85,719,5
MCP0000939,MC0005,P000884,1859.99,1020,4
MCP0000940,MC0003,P000471,478.72,879,2
MCP0000941,MC0073,P000341,287.44,954,1
MCP0000942,MC0009,P000385,935.48,207,5
MCP0000943,MC0037,P001102,975.6,1048,1
MCP0000944,MC0052,P000333,2734.31,700,4
MCP0000945,MC0070,P000998,1351.57,47,4
MCP0000946,MC0072,P001437,389.08,967,1
MCP0000947,MC0095,P000832,2600.5,687,4
MCP0000948,MC0011,P000648,1404.36,1149,5
MCP0000949,MC0096,P000538,931.23,192,3
MCP0000950,MC0042,P000259,1006.46,583,3
MCP0000951,MC0041,P000465,2219.73,920,5
MCP0000952,MC0070,P000325,2200.64,180,1
MCP0000953,MC0083,P001095,966.07,482,1
MCP0000954,MC0066,P000541,2281.03,1104,1
MCP0000955,MC0044,P001412,2521.11,476,4
MCP0000956,MC0031,P000236,2375.73,550,2
MCP0000957,MC0003,P000729,2071.98,604,5
MCP0000958,MC0019,P000348,2339.8,257,2
MCP0000959,MC0038,P000727,555.49,901,2
MCP0000960,MC0012,P000859,2386.23,803,1
MCP0000961,MC0100,P001043,2702.24,70,1
MCP0000962,MC0048,P000694,698.78,627,2
MCP0000963,MC0071,P001389,423.62,878,4
MCP0000964,MC0074,P000178,2783.51,543,3
MCP0000965,MC0016,P001250,1678.72,222,2
MCP0000966,MC0046,P000077,2614.52,951,1
MCP0000967,MC0087,P000180,1265.85,1034,3
MCP0000968,MC0033,P000271,626.2,957,4
MCP0000969,MC0026,P001117,824.92,706,1
MCP0000970,MC0074,P000264,672.73,191,3
MCP0000971,MC0099,P001356,421.09,685,3
MCP0000972,MC0020,P000870,2662.49,106,3
MCP0000973,MC0078,P000199,1862.46,626,3
MCP0000974,MC0057,P000640,1321.06,1161,2
MCP0000975,MC0021,P001281,1780.59,669,4
MCP0000976,MC0076,P000327,1467.74,196,4
MCP0000977,MC0042,P000715,982.43,979,4
MCP0000978,MC0072,P000387,2086.69,1056,2
MCP0000979,MC0076,P000467,733.53,1137,3
MCP0000980,MC0093,P001255,1640.82,750,1
MCP0000981,MC0060,P000839,1766.26,335,1
MCP0000982,MC0086,P000069,2422.66,529,3
MCP0000983,MC0038,P000130,1348.12,914,1
MCP0000984,MC0010,P000255,2746.72,1150,5
MCP0000985,MC0054,P000194,2069.62,991,1
MCP0000986,MC0031,P000087,1759.83,42,2
MCP0000987,MC0045,P000605,2268.25,348,4
MCP0000988,MC0057,P001499,1093.62,828,3
MCP0000989,MC0063,P000890,161.54,831,4
MCP0000990,MC0057,P000545,1406.76,656,2
MCP0000991,MC0045,P000264,547.71,1084,5
MCP0000992,MC0064,P000131,1497.02,300,5
MCP0000993,MC0080,P000700,2979.34,1197,2
MCP0000994,MC0040,P001356,421.0,275,2
MCP0000995,MC0037,P001053,249.39,69,1
MCP0000996,MC0036,P000997,887.35,609,4
MCP0000997,MC0029,P000333,2226.23,121,5
MCP0000998,MC0004,P001133,1153.71,148,4
MCP0000999,MC0096,P000564,1103.61,106,5
MCP0001000,MC0047,P001453,1721.55,1029,4
MCP0001001,MC0045,P000968,1439.99,66,3
MCP0001002,MC0038,P000778,42.71,1086,2
MCP0001003,MC0018,P001401,1845.41,724,3
MCP0001004,MC0020,P001301,958.86,197,3
MCP0001005,MC0099,P001216,515.43,32,1
MCP0001006,MC0061,P000912,2109.59,268,1
MCP0001007,MC0083,P001162,1243.12,791,4
MCP0001008,MC0047,P000107,1067.65,1027,2
MCP0001009,MC0003,P000276,1633.78,840,5
MCP0001010,MC0071,P000231,648.18,744,1
MCP0001011,MC0082,P000506,282.14,169,5
MCP0001012,MC0001,P001392,1593.22,978,1
MCP0001013,MC0097,P000822,975.94,750,2
MCP0001014,MC0045,P001098,2303.03,145,5
MCP0001015,MC0045,P000724,354.74,477,5
MCP0001016,MC0047,P000974,2207.73,962,1
MCP0001017,MC0016,P001082,1498.67,471,5
MCP0001018,MC0057,P000526,1038.25,811,4
MCP0001019,MC0028,P000749,799.81,910,2
MCP0001020,MC0034,P001337,1554.98,808,2
MCP0001021,MC0024,P001392,1939.21,384,1
MCP0001022,MC0095,P001374,563.41,533,3
MCP0001023,MC0005,P001308,1103.05,424,1
MCP0001024,MC0043,P001360,1267.88,1157,2
MCP0001025,MC0054,P000406,325.33,1148,2
MCP0001026,MC0034,P000216,2446.9,295,1
MCP0001027,MC0076,P000524,1892.76,582,3
MCP0001028,MC0088,P000461,370.31,751,2
MCP0001029,MC0065,P000240,169.7,1070,5
MCP0001030,MC0052,P001115,999.57,651,2
MCP0001031,MC0057,P000101,1754.14,166,4
MCP0001032,MC0025,P001496,561.15,123,5
MCP0001033,MC0021,P000230,2811.18,244,4
MCP0001034,MC0032,P000704,2525.73,403,1
MCP0001035,MC0083,P000263,819.66,307,3
MCP0001036,MC0037,P000242,531.94,746,2
MCP0001037,MC0096,P000239,1682.5,281,5
MCP0001038,MC0039,P000816,529.54,738,4
MCP0001039,MC0001,P000299,1386.81,1012,4
MCP0001040,MC0097,P001423,1096.01,105,4
MCP0001041,MC0047,P001116,1368.33,315,4
MCP0001042,MC0045,P001241,1201.75,140,3
MCP0001043,MC0012,P001106,2198.6,487,2
MCP0001044,MC0061,P000440,1218.31,402,5
MCP0001045,MC0010,P001479,1266.82,1141,4
MCP0001046,MC0089,P000288,1524.44,54,3
MCP0001047,MC0011,P000953,2534.83,856,5
MCP0001048,MC0059,P001032,1212.24,141,2
MCP0001049,MC0094,P000254,2264.92,785,5
MCP0001050,MC0016,P000772,2168.32,513,2
MCP0001051,MC0051,P001044,527.53,159,3
MCP0001052,MC0008,P001453,1646.13,368,5
MCP0001053,MC0006,P001492,255.71,336,3
MCP0001054,MC0075,P000857,1928.65,968,5
MCP0001055,MC0092,P001414,682.64,1199,3
MCP0001056,MC0068,P001407,439.26,34,5
MCP0001057,MC0051,P000580,3001.78,413,5
MCP0001058,MC0053,P000381,2085.17,1109,1
MCP0001059,MC0051,P001362,2669.93,176,2
MCP0001060,MC0036,P000791,1134.09,1025,5
MCP0001061,MC0038,P000284,1645.55,34,2
MCP0001062,MC0047,P000867,815.22,436,2
MCP0001063,MC0021,P001195,1081.15,514,4
MCP0001064,MC0079,P000244,1687.1,1032,4
MCP0001065,MC0021,P001128,2686.73,70,1
MCP0001066,MC0064,P000064,2741.85,209,3
MCP0001067,MC0017,P001376,497.56,841,4
MCP0001068,MC0095,P000810,2699.9,370,1
MCP0001069,MC0043,P001500,1171.59,331,4
MCP0001070,MC0037,P000539,2682.2,1184,2
MCP0001071,MC0053,P001343,21.37,87,4
MCP0001072,MC0069,P001386,3191.23,1066,4
MCP0001073,MC0018,P000300,2607.87,888,4
MCP0001074,MC0071,P000729,2570.72,966,2
MCP0001075,MC0083,P000106,2765.99,443,2
MCP0001076,MC0072,P000226,2803.14,360,4
MCP0001077,MC0016,P000839,1544.87,960,2
MCP0001078,MC0040,P001170,1304.82,436,5
MCP0001079,MC0019,P000621,1279.96,382,4
MCP0001080,MC0024,P000780,1804.03,683,2
MCP0001081,MC0037,P001405,651.66,103,1
MCP0001082,MC0078,P000785,1094.12,877,5
MCP0001083,MC0001,P000528,1513.51,668,2
MCP0001084,MC0060,P001188,709.76,1011,2
MCP0001085,MC0074,P000295,2572.41,562,3
MCP0001086,MC0068,P001066,260.37,934,1
MCP0001087,MC0019,P000071,1948.94,173,3
MCP0001088,MC0017,P001106,2395.99,866,3
MCP0001089,MC0017,P000786,2341.42,490,4
MCP0001090,MC0029,P001467,2467.38,1084,1
MCP0001091,MC0003,P000312,178.93,1193,2
MCP0001092,MC0028,P000163,1553.89,51,3
MCP0001093,MC0084,P000503,1943.66,275,5
MCP0001094,MC0018,P001171,2429.2,1060,4
MCP0001095,MC0053,P001358,1754.7,482,1
MCP0001096,MC0094,P000772,1841.77,711,5
MCP0001097,MC0012,P000283,1058.1,613,1
MCP0001098,MC0014,P001408,1704.9,550,4
MCP0001099,MC0070,P000314,997.77,685,4
MCP0001100,MC0064,P000676,497.33,1166,1
MCP0001101,MC0004,P001240,1640.07,401,3
MCP0001102,MC0015,P000272,595.8,687,5
MCP0001103,MC0076,P000465,2172.51,1011,5
MCP0001104,MC0061,P000831,384.85,434,1
MCP0001105,MC0080,P001117,907.0,790,5
MCP0001106,MC0064,P000383,1593.38,163,5
MCP0001107,MC0002,P000540,620.95,709,1
MCP0001108,MC0014,P000885,1554.84,314,4
MCP0001109,MC0014,P001257,1415.97,250,1
MCP0001110,MC0026,P000223,1904.38,109,4
MCP0001111,MC0086,P000918,1477.77,796,2
MCP0001112,MC0041,P000556,2856.53,263,2
MCP0001113,MC0041,P000713,547.38,112,1
MCP0001114,MC0084,P000198,939.68,284,5
MCP0001115,MC0046,P000283,987.92,1129,3
MCP0001116,MC0086,P001477,932.31,802,2
MCP0001117,MC0038,P000661,2929.13,171,4
MCP0001118,MC0023,P001183,1296.74,695,1
MCP0001119,MC0083,P000669,347.34,173,5
MCP0001120,MC0053,P000417,2253.77,803,1
MCP0001121,MC0034,P000429,2586.57,1022,3
MCP0001122,MC0044,P000912,2132.98,1199,4
MCP0001123,MC0030,P001253,1690.94,254,1
MCP0001124,MC0088,P000244,1909.78,457,5
MCP0001125,MC0030,P000065,1555.21,1142,5
MCP0001126,MC0034,P000679,1816.02,366,1
MCP0001127,MC0006,P001497,3038.07,769,5
MCP0001128,MC0012,P000618,557.01,793,1
MCP0001129,MC0030,P001061,1756.73,911,4
MCP0001130,MC0080,P000104,1882.32,461,3
MCP0001131,MC0054,P000178,2213.55,788,4
MCP0001132,MC0011,P000035,2559.29,490,4
MCP0001133,MC0018,P000637,1497.1,911,5
MCP0001134,MC0028,P001227,92.35,879,2
MCP0001135,MC0051,P001160,1707.37,1058,4
MCP0001136,MC0038,P000377,1896.18,1056,2
MCP0001137,MC0050,P001452,1222.64,1154,1
MCP0001138,MC0017,P000343,158.44,1114,4
MCP0001139,MC0012,P000005,1550.52,482,1
MCP0001140,MC0078,P001191,1191.13,980,1
MCP0001141,MC0080,P000120,1870.35,755,1
MCP0001142,MC0080,P001180,1359.85,328,4
MCP0001143,MC0095,P000889,1825.66,899,4
MCP0001144,MC0042,P001467,2266.99,334,4
MCP0001145,MC0060,P001467,3110.91,1136,2
MCP0001146,MC0022,P000250,342.7,786,5
MCP0001147,MC0082,P000950,1769.64,745,3
MCP0001148,MC0059,P000772,2037.51,137,1
MCP0001149,MC0030,P000920,701.94,134,4
MCP0001150,MC0089,P000848,2562.56,1098,1
MCP0001151,MC0081,P001379,1165.92,470,1
MCP0001152,MC0094,P000806,2634.72,696,2
MCP0001153,MC0072,P001173,1765.08,346,4
MCP0001154,MC0009,P001307,1135.6,341,4
MCP0001155,MC0009,P000853,1746.4,60,5
MCP0001156,MC0043,P001117,703.99,881,3
MCP0001157,MC0070,P001248,2990.55,520,4
MCP0001158,MC0097,P000045,498.52,1038,4
MCP0001159,MC0094,P000069,2379.93,727,4
MCP0001160,MC0035,P000728,1969.31,773,3
MCP0001161,MC0084,P000835,872.15,394,1
MCP0001162,MC0003,P000713,683.39,412,5
MCP0001163,MC0052,P000153,884.68,566,5
MCP0001164,MC0021,P000359,2896.92,237,1
MCP0001165,MC0061,P001367,2135.86,813,1
MCP0001166,MC0031,P000624,447.61,101,2
MCP0001167,MC0054,P000773,1607.62,904,1
MCP0001168,MC0093,P000825,2605.09,741,4
MCP0001169,MC0037,P000918,1872.76,1138,4
MCP0001170,MC0010,P001049,1578.22,801,2
MCP0001171,MC0014,P000651,1232.7,1184,4
MCP0001172,MC0057,P001407,588.55,580,4
MCP0001173,MC0028,P001432,1750.39,1075,2
MCP0001174,MC0047,P000102,1239.06,322,2
MCP0001175,MC0096,P000155,2012.0,453,1
MCP0001176,MC0002,P000459,1195.83,981,2
MCP0001177,MC0065,P000104,1475.33,731,4
MCP0001178,MC0098,P000020,2505.66,100,3
MCP0001179,MC0018,P001263,1258.39,82,3
MCP0001180,MC0016,P000293,2703.63,752,4
MCP0001181,MC0014,P000448,266.45,1192,1
MCP0001182,MC0097,P000132,805.97,586,3
MCP0001183,MC0066,P000855,2008.28,627,3
MCP0001184,MC0095,P000377,1498.05,359,2
MCP0001185,MC0002,P001473,736.46,814,4
MCP0001186,MC0004,P001483,2677.87,268,3
MCP0001187,MC0090,P000851,1020.11,180,4
MCP0001188,MC0063,P001199,151.05,228,1
MCP0001189,MC0042,P000907,106.97,1000,5
MCP0001190,MC0037,P000641,2093.07,921,2
MCP0001191,MC0064,P000137,1210.95,939,2
MCP0001192,MC0023,P000608,2202.32,409,1
MCP0001193,MC0021,P001299,1981.79,651,2
MCP0001194,MC0028,P000065,1678.31,878,2
MCP0001195,MC0046,P000678,1112.79,268,2
MCP0001196,MC0023,P000003,1466.06,1162,5
MCP0001197,MC0058,P000279,1252.37,564,1
MCP0001198,MC0072,P000756,1074.04,673,4
MCP0001199,MC0093,P000122,1520.12,1015,1
MCP0001200,MC0034,P000501,957.69,477,1
MCP0001201,MC0058,P000950,1202.68,834,3
MCP0001202,MC0028,P000557,2223.97,780,3
MCP0001203,MC0060,P000274,1261.78,751,1
MCP0001204,MC0043,P000247,588.76,108,3
MCP0001205,MC0084,P001189,1173.93,238,4
MCP0001206,MC0015,P000872,2295.11,268,5
MCP0001207,MC0091,P000213,1864.1,807,5
MCP0001208,MC0043,P000373,1196.13,1054,5
MCP0001209,MC0033,P001053,249.8,240,2
MCP0001210,MC0098,P000459,1368.7,130,5
MCP0001211,MC0078,P000546,2287.55,839,4
MCP0001212,MC0100,P001443,2666.44,1085,4
MCP0001213,MC0065,P001486,924.45,1022,2
MCP0001214,MC0081,P000667,2564.92,524,5
MCP0001215,MC0087,P001293,2240.78,1120,2
MCP0001216,MC0076,P001009,2523.11,95,3
MCP0001217,MC0023,P000897,320.86,1170,5
MCP0001218,MC0007,P000357,1640.66,58,5
MCP0001219,MC0016,P000312,127.07,1163,2
MCP0001220,MC0008,P000468,200.51,1196,2
MCP0001221,MC0049,P000349,613.41,117,1
MCP0001222,MC0088,P001021,984.72,685,2
MCP0001223,MC0019,P000812,1702.15,714,1
MCP0001224,MC0047,P000585,123.44,368,1
MCP0001225,MC0093,P000462,380.24,923,3
MCP0001226,MC0028,P000631,728.92,749,1
MCP0001227,MC0080,P000450,328.14,920,4
MCP0001228,MC0016,P000152,1100.36,361,1
MCP0001229,MC0018,P000969,1527.37,921,1
MCP0001230,MC0006,P000580,2337.08,655,4
MCP0001231,MC0040,P000428,1399.48,83,4
MCP0001232,MC0096,P000556,2623.6,1017,1
MCP0001233,MC0012,P000310,23.23,1038,3
MCP0001234,MC0075,P000197,1333.57,323,5
MCP0001235,MC0017,P000249,2759.73,379,5
MCP0001236,MC0076,P000550,1028.41,959,3
MCP0001237,MC0091,P001228,870.28,765,2
MCP0001238,MC0043,P000418,2458.45,1191,2
MCP0001239,MC0066,P001281,1695.66,1183,2
MCP0001240,MC0004,P000968,1332.19,1109,4
MCP0001241,MC0099,P001043,2646.62,702,4
MCP0001242,MC0075,P000949,173.87,423,5
MCP0001243,MC0070,P001269,2096.45,1158,5
MCP0001244,MC0089,P000892,2174.15,631,2
MCP0001245,MC0080,P000212,1913.28,743,4
MCP0001246,MC0048,P000769,217.31,222,2
MCP0001247,MC0017,P000203,1389.71,559,3
MCP0001248,MC0099,P001134,1349.39,464,4
MCP0001249,MC0028,P001376,397.86,776,1
MCP0001250,MC0095,P000069,2044.5,197,2
MCP0001251,MC0008,P001055,2492.97,734,5
MCP0001252,MC0077,P001310,443.39,880,3
MCP0001253,MC0020,P001422,820.11,56,4
MCP0001254,MC0047,P000165,1794.88,907,2
MCP0001255,MC0035,P001238,1491.49,517,4
MCP0001256,MC0070,P000490,2512.22,160,2
MCP0001257,MC0044,P000167,62.53,1177,5
MCP0001258,MC0061,P000429,2884.33,226,5
MCP0001259,MC0039,P000193,1459.37,498,2
MCP0001260,MC0069,P000889,1664.69,389,3
MCP0001261,MC0031,P000637,1459.45,548,2
MCP0001262,MC0008,P000506,296.97,1020,1
MCP0001263,MC0024,P001000,1009.29,549,5
MCP0001264,MC0027,P000396,2942.37,894,4
MCP0001265,MC0051,P000503,1677.61,492,1
MCP0001266,MC0069,P000812,1509.07,533,5
MCP0001267,MC0072,P000969,1161.55,786,1
MCP0001268,MC0059,P001076,394.03,183,4
MCP0001269,MC0026,P000748,2357.84,135,2
MCP0001270,MC0009,P001090,2382.09,1053,4
MCP0001271,MC0075,P000797,256.17,655,1
MCP0001272,MC0100,P000328,1389.66,170,5
MCP0001273,MC0007,P000471,543.0,92,1
MCP0001274,MC0007,P001473,662.54,761,5
MCP0001275,MC0080,P001410,2483.94,507,5
MCP0001276,MC0098,P000644,1739.6,913,4
MCP0001277,MC0049,P001364,552.52,1019,3
MCP0001278,MC0066,P001431,2384.69,231,3
MCP0001279,MC0046,P000307,2493.64,937,4
MCP0001280,MC0074,P000134,2847.64,649,3
MCP0001281,MC0035,P000908,2307.86,308,3
MCP0001282,MC0039,P000262,516.76,705,5
MCP0001283,MC0091,P000837,2785.49,290,2
MCP0001284,MC0045,P000544,321.24,949,5
MCP0001285,MC0042,P001171,2320.94,62,4
MCP0001286,MC0042,P001448,1957.36,943,1
MCP0001287,MC0033,P000219,2178.1,890,5
MCP0001288,MC0045,P001473,649.67,412,3
MCP0001289,MC0088,P000481,153.81,674,3
MCP0001290,MC0083,P000159,709.28,831,3
MCP0001291,MC0031,P001370,1654.47,509,5
MCP0001292,MC0097,P000537,95.14,784,3
MCP0001293,MC0085,P001308,1170.83,509,2
MCP0001294,MC0083,P000953,2248.58,284,4
MCP0001295,MC0066,P001368,291.1,696,5
MCP0001296,MC0090,P000933,625.34,385,1
MCP0001297,MC0082,P000331,2295.75,430,2
MCP0001298,MC0030,P000825,2528.96,866,3
MCP0001299,MC0041,P001354,2086.37,990,2
MCP0001300,MC0021,P000252,360.4,622,5
MCP0001301,MC0017,P001011,1729.43,1122,1
MCP0001302,MC0081,P000263,1035.28,1007,4
MCP0001303,MC0088,P000327,1007.5,463,3
MCP0001304,MC0002,P000162,2441.32,762,2
MCP0001305,MC0008,P001170,1230.71,730,5
MCP0001306,MC0075,P000707,380.4,745,2
MCP0001307,MC0037,P000228,450.05,390,1
MCP0001308,MC0017,P000796,914.59,360,4
MCP0001309,MC0061,P001032,917.25,627,3
MCP0001310,MC0032,P000212,1752.04,855,5
MCP0001311,MC0014,P000240,201.85,70,1
MCP0001312,MC0072,P000649,2408.71,42,4
MCP0001313,MC0010,P000266,315.8,40,3
MCP0001314,MC0061,P000129,151.26,372,5
MCP0001315,MC0082,P000750,2635.74,229,5
MCP0001316,MC0020,P000423,532.06,812,2
MCP0001317,MC0038,P001179,1288.63,933,2
MCP0001318,MC0033,P001079,470.34,823,2
MCP0001319,MC0074,P001337,1420.32,815,2
MCP0001320,MC0034,P001129,858.32,155,5
MCP0001321,MC0066,P000934,1894.8,687,4
MCP0001322,MC0032,P000222,291.8,778,1
MCP0001323,MC0004,P000953,2164.13,369,2
MCP0001324,MC0089,P000763,2300.03,754,1
MCP0001325,MC0088,P000256,1888.42,855,2
MCP0001326,MC0064,P000488,1014.48,152,4
MCP0001327,MC0026,P000654,1961.29,62,3
MCP0001328,MC0086,P000919,1798.82,986,1
MCP0001329,MC0024,P000868,137.76,700,1
MCP0001330,MC0060,P000710,2595.26,1010,1
MCP0001331,MC0068,P000408,32.07,883,5
MCP0001332,MC0097,P000730,1744.26,962,5
MCP0001333,MC0026,P000784,1308.86,872,5
MCP0001334,MC0047,P000057,264.65,1037,4
MCP0001335,MC0089,P000462,415.37,815,1
MCP0001336,MC0005,P001366,135.87,1037,4
MCP0001337,MC0075,P001426,2154.45,1197,5
MCP0001338,MC0078,P000010,467.25,465,1
MCP0001339,MC0062,P000197,1185.27,391,1
MCP0001340,MC0053,P000706,171.0,281,2
MCP0001341,MC0064,P000545,1543.85,528,1
MCP0001342,MC0068,P000304,2688.25,927,1
MCP0001343,MC0068,P000867,787.63,627,5
MCP0001344,MC0077,P000449,1190.23,1003,1
MCP0001345,MC0055,P001231,218.95,73,2
MCP0001346,MC0055,P000302,1991.49,781,3
MCP0001347,MC0023,P001441,858.33,673,1
MCP0001348,MC0082,P000850,1179.77,1030,4
MCP0001349,MC0040,P000328,1510.05,196,4
MCP0001350,MC0084,P000635,2181.51,252,3
MCP0001351,MC0063,P000088,1720.61,886,4
MCP0001352,MC0084,P001219,780.37,412,3
MCP0001353,MC0009,P000846,1146.86,205,2
MCP0001354,MC0072,P000993,2155.01,650,2
MCP0001355,MC0096,P000448,255.42,785,5
MCP0001356,MC0009,P000690,2461.65,1183,4
MCP0001357,MC0042,P000285,3099.2,826,1
MCP0001358,MC0067,P001461,2372.65,1013,1
MCP0001359,MC0078,P000285,3109.62,697,5
MCP0001360,MC0009,P000161,1154.5,1120,3
MCP0001361,MC0008,P001197,647.98,1015,5
MCP0001362,MC0077,P000360,2932.0,224,4
MCP0001363,MC0015,P000375,2085.43,124,3
MCP0001364,MC0079,P000094,467.57,197,1
MCP0001365,MC0040,P000563,1920.54,879,5
MCP0001366,MC0012,P001131,1248.78,167,5
MCP0001367,MC0051,P001335,2471.69,271,5
MCP0001368,MC0017,P000523,90.85,80,3
MCP0001369,MC0071,P000277,1904.63,919,4
MCP0001370,MC0074,P000080,2861.09,993,4
MCP0001371,MC0092,P000048,164.66,522,2
MCP0001372,MC0093,P001223,2167.74,781,3
MCP0001373,MC0079,P000106,2659.13,330,2
MCP0001374,MC0001,P001115,922.96,424,4
MCP0001375,MC0006,P000587,1003.08,674,1
MCP0001376,MC0020,P001041,532.65,190,4
MCP0001377,MC0002,P001104,765.38,852,3
MCP0001378,MC0036,P000193,1301.81,744,3
MCP0001379,MC0038,P001482,936.14,610,1
MCP0001380,MC0073,P000117,1319.46,389,1
MCP0001381,MC0069,P000136,1108.36,810,1
MCP0001382,MC0030,P000710,1978.39,588,5
MCP0001383,MC0040,P000581,106.18,422,1
MCP0001384,MC0073,P001015,1279.17,914,2
MCP0001385,MC0004,P001385,2348.36,1032,1
MCP0001386,MC0065,P001486,928.22,1147,3
MCP0001387,MC0072,P001290,1391.83,147,3
MCP0001388,MC0040,P001257,1520.43,449,1
MCP0001389,MC0072,P001108,2304.11,700,3
MCP0001390,MC0002,P001121,1421.32,122,4
MCP0001391,MC0076,P000630,2443.31,642,4
MCP0001392,MC0007,P001391,2595.4,128,4
MCP0001393,MC0050,P001312,1281.66,403,5
MCP0001394,MC0092,P001143,2685.67,587,1
MCP0001395,MC0027,P001007,1905.46,717,4
MCP0001396,MC0093,P001136,1102.07,179,2
MCP0001397,MC0057,P001108,2208.59,301,5
MCP0001398,MC0083,P000053,1805.48,378,4
MCP0001399,MC0095,P001019,1534.62,527,1
MCP0001400,MC0033,P000361,923.41,871,1
MCP0001401,MC0047,P000243,1826.64,1081,4
MCP0001402,MC0078,P000570,918.78,281,4
MCP0001403,MC0013,P001369,346.85,264,2
MCP0001404,MC0099,P000719,1650.33,877,3
MCP0001405,MC0005,P001159,2323.59,721,5
MCP0001406,MC0041,P000624,474.18,344,5
MCP0001407,MC0018,P000324,1151.74,401,3
MCP0001408,MC0060,P001062,535.78,807,4
MCP0001409,MC0018,P000755,2136.29,560,4
MCP0001410,MC0082,P000327,1026.94,530,4
MCP0001411,MC0093,P000330,1591.84,301,2
MCP0001412,MC0007,P001385,2697.34,706,2
MCP0001413,MC0072,P000890,207.18,403,1
MCP0001414,MC0085,P001361,2308.92,340,3
MCP0001415,MC0032,P000402,1054.92,620,1
MCP0001416,MC0092,P000391,765.64,160,1
MCP0001417,MC0010,P000155,1509.63,1003,4
MCP0001418,MC0070,P000446,381.18,1107,5
MCP0001419,MC0038,P001225,2520.23,496,3
MCP0001420,MC0077,P000631,743.03,180,5
MCP0001421,MC0087,P001075,2103.89,1052,3
MCP0001422,MC0006,P000856,957.76,548,5
MCP0001423,MC0045,P000654,1665.5,786,4
MCP0001424,MC0021,P000655,2013.92,651,5
MCP0001425,MC0082,P000932,1773.45,90,2
MCP0001426,MC0003,P000899,973.35,234,4
MCP0001427,MC0009,P000981,1225.46,422,3
MCP0001428,MC0047,P001390,2361.42,122,3
MCP0001429,MC0068,P000396,2730.27,444,5
MCP0001430,MC0011,P000484,992.33,296,1
MCP0001431,MC0011,P000860,872.57,983,2
MCP0001432,MC0002,P000202,2044.76,1070,1
MCP0001433,MC0044,P001177,558.78,1108,1
MCP0001434,MC0055,P000190,1752.66,1053,3
MCP0001435,MC0100,P001124,1092.66,479,2
MCP0001436,MC0070,P000018,1847.31,644,5
MCP0001437,MC0053,P000823,1070.37,120,5
MCP0001438,MC0044,P001432,1571.66,786,1
MCP0001439,MC0010,P001345,1070.63,59,3
MCP0001440,MC0047,P000205,1544.3,388,1
MCP0001441,MC0061,P000287,1894.42,811,2
MCP0001442,MC0091,P000242,680.82,639,3
MCP0001443,MC0057,P000657,150.57,907,3
MCP0001444,MC0033,P001413,2640.13,483,2
MCP0001445,MC0096,P000089,1588.49,1034,3
MCP0001446,MC0057,P000833,444.32,759,3
MCP0001447,MC0049,P001090,2384.94,1063,3
MCP0001448,MC0097,P001001,644.82,643,2
MCP0001449,MC0051,P000050,1742.19,1106,3
MCP0001450,MC0063,P000727,749.97,95,2
MCP0001451,MC0015,P000900,930.37,86,1
MCP0001452,MC0056,P000171,1458.62,107,1
MCP0001453,MC0028,P000158,1032.51,391,4
MCP0001454,MC0087,P001221,269.43,306,5
MCP0001455,MC0020,P001069,64.79,1085,3
MCP0001456,MC0047,P000063,762.54,880,1
MCP0001457,MC0089,P000761,1642.88,444,4
MCP0001458,MC0015,P000729,2479.64,220,4
MCP0001459,MC0002,P000560,2168.6,856,4
MCP0001460,MC0048,P000717,1871.09,1026,3
MCP0001461,MC0014,P000216,2417.37,1149,4
MCP0001462,MC0061,P000424,1121.61,828,3
MCP0001463,MC0006,P000467,798.85,917,5
MCP0001464,MC0021,P000852,2410.89,464,1
MCP0001465,MC0059,P001132,1014.81,571,3
MCP0001466,MC0014,P000182,808.34,70,3
MCP0001467,MC0010,P000905,1542.46,1104,3
MCP0001468,MC0042,P000120,1877.48,931,1
MCP0001469,MC0073,P001144,2448.72,135,5
MCP0001470,MC0030,P001126,429.48,909,5
MCP0001471,MC0015,P001428,1116.47,757,3
MCP0001472,MC0090,P000828,160.63,207,1
MCP0001473,MC0097,P001402,2553.91,257,3
MCP0001474,MC0056,P000756,975.1,34,2
MCP0001475,MC0021,P000459,1247.41,1133,4
MCP0001476,MC0079,P001168,75.88,1092,1
MCP0001477,MC0065,P000358,983.3,1172,2
MCP0001478,MC0063,P000160,914.55,613,2
MCP0001479,MC0078,P001380,2417.05,220,3
MCP0001480,MC0097,P000858,1726.53,1116,5
MCP0001481,MC0035,P001351,2451.5,967,5
MCP0001482,MC0055,P000522,1139.97,86,5
MCP0001483,MC0090,P000904,2090.17,863,5
MCP0001484,MC0032,P000309,1412.3,701,4
MCP0001485,MC0006,P000541,2334.88,1048,4
MCP0001486,MC0007,P000438,85.46,678,2
MCP0001487,MC0066,P000942,1746.23,79,4
MCP0001488,MC0003,P001393,394.34,798,4
MCP0001489,MC0085,P001045,844.7,290,3
MCP0001490,MC0029,P000320,111.73,690,1
MCP0001491,MC0032,P000091,1886.3,321,3
MCP0001492,MC0074,P000623,344.96,590,3
MCP0001493,MC0056,P000596,141.61,1031,5
MCP0001494,MC0042,P000592,1953.9,332,5
MCP0001495,MC0060,P001281,1858.08,859,4
MCP0001496,MC0023,P001455,2846.85,366,5
MCP0001497,MC0030,P000939,54.63,592,4
MCP0001498,MC0081,P000346,1865.55,943,2
MCP0001499,MC0002,P000704,1865.52,227,2
MCP0001500,MC0082,P001115,947.72,894,2
