campaign_id,campaign_name,campaign_type,starts_at,ends_at,budget,sponsor_type,status
MC0001,202510新品首发001,品类日,2025-10-08 12:38:48,2025-10-17 12:38:48,220801.64,platform,finished
MC0002,202508新品首发002,平台满减,2025-08-12 07:50:56,2025-08-13 07:50:56,392953.1,store,finished
MC0003,202512限时秒杀003,品牌日,2025-12-05 18:53:38,2025-12-07 18:53:38,47141.13,platform,finished
MC0004,202509会员专享004,品类日,2025-09-15 20:59:37,2025-10-03 20:59:37,82427.51,platform,finished
MC0005,202510限时秒杀005,新品首发,2025-10-21 03:12:27,2025-11-02 03:12:27,518881.14,platform,finished
MC0006,202505品类日006,平台满减,2025-05-29 07:26:13,2025-05-31 07:26:13,692460.06,platform,finished
MC0007,202505新品首发007,品牌日,2025-05-06 04:21:38,2025-05-23 04:21:38,577027.22,platform,finished
MC0008,202509限时秒杀008,会员专享,2025-09-02 09:38:19,2025-09-04 09:38:19,568924.08,platform,finished
MC0009,202508平台满减009,会员专享,2025-08-21 00:01:10,2025-08-23 00:01:10,627542.09,platform,finished
MC0010,202502品类日010,品牌日,2025-02-08 21:49:56,2025-02-18 21:49:56,153013.18,platform,finished
MC0011,202502会员专享011,会员专享,2025-02-22 05:32:48,2025-03-12 05:32:48,139123.25,store,finished
MC0012,202607限时秒杀012,限时秒杀,2026-07-07 20:38:15,2026-07-08 20:38:15,430142.14,store,finished
MC0013,202512品牌日013,品类日,2025-12-01 04:29:49,2025-12-05 04:29:49,126085.21,platform,finished
MC0014,202601新品首发014,新品首发,2026-01-04 05:14:28,2026-01-22 05:14:28,354170.04,joint,finished
MC0015,202608新品首发015,会员专享,2026-08-16 08:42:27,2026-08-19 08:42:27,795368.33,platform,finished
MC0016,202604会员专享016,品牌日,2026-04-18 02:17:36,2026-04-20 02:17:36,479793.25,store,finished
MC0017,202601限时秒杀017,平台满减,2026-01-23 15:56:09,2026-01-26 15:56:09,676591.85,store,finished
MC0018,202608品类日018,平台满减,2026-08-19 18:57:26,2026-08-22 23:59:59,541923.35,platform,active
MC0019,202503限时秒杀019,新品首发,2025-03-18 06:31:38,2025-03-28 06:31:38,625601.38,store,finished
MC0020,202505会员专享020,品类日,2025-05-16 23:32:44,2025-05-30 23:32:44,737621.1,platform,finished
MC0021,202511会员专享021,会员专享,2025-11-15 00:05:05,2025-11-29 00:05:05,276586.3,store,finished
MC0022,202601新品首发022,品类日,2026-01-09 04:04:32,2026-01-27 04:04:32,140820.72,store,finished
MC0023,202608限时秒杀023,品牌日,2026-08-21 21:23:30,2026-08-22 23:59:59,355172.51,store,active
MC0024,202512新品首发024,品牌日,2025-12-20 21:47:57,2026-01-01 21:47:57,59825.35,store,finished
MC0025,202511新品首发025,会员专享,2025-11-02 14:34:41,2025-11-07 14:34:41,515264.42,platform,finished
MC0026,202507平台满减026,平台满减,2025-07-10 07:20:39,2025-07-22 07:20:39,248802.88,store,finished
MC0027,202606平台满减027,新品首发,2026-06-19 04:13:47,2026-07-06 04:13:47,238655.58,store,finished
MC0028,202506品牌日028,品牌日,2025-06-08 19:44:26,2025-06-26 19:44:26,616686.82,joint,finished
MC0029,202606会员专享029,限时秒杀,2026-06-01 12:52:53,2026-06-19 12:52:53,133859.86,platform,finished
MC0030,202606品类日030,品牌日,2026-06-08 17:25:12,2026-06-23 17:25:12,112232.86,joint,finished
MC0031,202601新品首发031,品类日,2026-01-03 16:30:58,2026-01-08 16:30:58,168337.51,platform,finished
MC0032,202606限时秒杀032,平台满减,2026-06-27 17:50:13,2026-07-13 17:50:13,27018.43,platform,finished
MC0033,202510平台满减033,会员专享,2025-10-25 13:38:53,2025-11-06 13:38:53,655785.13,store,finished
MC0034,202605品类日034,品牌日,2026-05-28 00:40:22,2026-06-01 00:40:22,350273.05,store,finished
MC0035,202511平台满减035,新品首发,2025-11-10 21:35:42,2025-11-12 21:35:42,66419.38,store,finished
MC0036,202503平台满减036,限时秒杀,2025-03-16 07:43:35,2025-03-26 07:43:35,60036.3,store,finished
MC0037,202605品牌日037,新品首发,2026-05-29 22:09:56,2026-06-13 22:09:56,380648.1,platform,finished
MC0038,202606新品首发038,限时秒杀,2026-06-06 18:27:00,2026-06-21 18:27:00,574965.91,platform,finished
MC0039,202602限时秒杀039,平台满减,2026-02-01 18:46:49,2026-02-12 18:46:49,64389.74,platform,finished
MC0040,202507会员专享040,限时秒杀,2025-07-06 02:48:13,2025-07-20 02:48:13,546774.59,store,finished
MC0041,202608品牌日041,限时秒杀,2026-08-22 04:31:15,2026-08-22 23:59:59,484612.25,platform,active
MC0042,202607品类日042,新品首发,2026-07-25 19:24:11,2026-08-01 19:24:11,265008.92,store,finished
MC0043,202501平台满减043,会员专享,2025-01-09 00:23:14,2025-01-22 00:23:14,386112.62,platform,finished
MC0044,202501品类日044,品类日,2025-01-25 20:25:33,2025-02-08 20:25:33,761483.05,platform,finished
MC0045,202605平台满减045,品牌日,2026-05-16 23:46:27,2026-05-25 23:46:27,597826.74,platform,finished
MC0046,202505限时秒杀046,品类日,2025-05-10 02:40:13,2025-05-13 02:40:13,361999.03,store,finished
MC0047,202504平台满减047,平台满减,2025-04-11 21:58:39,2025-04-24 21:58:39,551829.62,joint,finished
MC0048,202511品类日048,品牌日,2025-11-03 18:20:34,2025-11-06 18:20:34,361875.57,platform,finished
MC0049,202604会员专享049,会员专享,2026-04-10 07:45:51,2026-04-13 07:45:51,176012.53,platform,finished
MC0050,202502平台满减050,品类日,2025-02-12 16:13:09,2025-02-14 16:13:09,392495.14,platform,finished
MC0051,202510平台满减051,限时秒杀,2025-10-20 18:26:41,2025-10-28 18:26:41,781569.64,platform,finished
MC0052,202508平台满减052,新品首发,2025-08-10 13:43:07,2025-08-25 13:43:07,241136.15,platform,finished
MC0053,202503品类日053,新品首发,2025-03-27 10:16:44,2025-04-07 10:16:44,448466.93,platform,finished
MC0054,202501新品首发054,会员专享,2025-01-05 21:34:04,2025-01-15 21:34:04,315094.91,platform,finished
MC0055,202505平台满减055,限时秒杀,2025-05-03 09:06:44,2025-05-05 09:06:44,395971.66,joint,finished
MC0056,202607品牌日056,新品首发,2026-07-06 05:09:37,2026-07-24 05:09:37,273654.24,platform,finished
MC0057,202606品牌日057,新品首发,2026-06-24 18:24:03,2026-07-04 18:24:03,266160.52,platform,finished
MC0058,202501会员专享058,会员专享,2025-01-22 14:30:54,2025-01-29 14:30:54,388412.79,platform,finished
MC0059,202511限时秒杀059,新品首发,2025-11-30 07:01:33,2025-12-17 07:01:33,796184.95,store,finished
MC0060,202509新品首发060,限时秒杀,2025-09-17 19:55:45,2025-09-20 19:55:45,169408.57,platform,finished
MC0061,202509平台满减061,平台满减,2025-09-15 05:01:56,2025-09-22 05:01:56,583875.72,joint,finished
MC0062,202503新品首发062,会员专享,2025-03-09 02:14:47,2025-03-14 02:14:47,241523.63,store,finished
MC0063,202510限时秒杀063,品牌日,2025-10-29 05:54:49,2025-11-09 05:54:49,17888.26,platform,finished
MC0064,202607平台满减064,会员专享,2026-07-23 08:57:30,2026-08-04 08:57:30,705659.45,store,finished
MC0065,202607品类日065,限时秒杀,2026-07-08 21:47:41,2026-07-18 21:47:41,212230.88,platform,finished
MC0066,202503会员专享066,限时秒杀,2025-03-29 21:40:43,2025-04-04 21:40:43,283435.11,platform,finished
MC0067,202511品类日067,限时秒杀,2025-11-20 09:46:50,2025-12-03 09:46:50,29714.85,joint,finished
MC0068,202606会员专享068,限时秒杀,2026-06-05 00:51:00,2026-06-23 00:51:00,471965.56,platform,finished
MC0069,202509品类日069,新品首发,2025-09-26 21:13:23,2025-10-10 21:13:23,95672.46,store,finished
MC0070,202512会员专享070,限时秒杀,2025-12-09 04:02:13,2025-12-15 04:02:13,298867.64,store,finished
MC0071,202504品牌日071,限时秒杀,2025-04-24 23:53:53,2025-04-28 23:53:53,663361.93,store,finished
MC0072,202602会员专享072,会员专享,2026-02-24 07:12:55,2026-03-13 07:12:55,761097.6,store,finished
MC0073,202503品类日073,限时秒杀,2025-03-02 15:01:30,2025-03-09 15:01:30,490268.75,store,finished
MC0074,202502平台满减074,品牌日,2025-02-06 03:17:32,2025-02-21 03:17:32,587653.6,joint,finished
MC0075,202503品类日075,平台满减,2025-03-28 22:13:04,2025-04-07 22:13:04,149344.72,platform,finished
MC0076,202603限时秒杀076,平台满减,2026-03-28 23:33:28,2026-04-14 23:33:28,330615.49,store,finished
MC0077,202505新品首发077,会员专享,2025-05-26 22:35:59,2025-05-28 22:35:59,375463.46,platform,finished
MC0078,202503平台满减078,新品首发,2025-03-06 19:02:35,2025-03-19 19:02:35,144161.2,platform,finished
MC0079,202603品牌日079,品类日,2026-03-04 14:52:17,2026-03-05 14:52:17,573204.67,platform,finished
MC0080,202510会员专享080,平台满减,2025-10-22 05:33:03,2025-11-07 05:33:03,735226.97,platform,finished
MC0081,202607会员专享081,会员专享,2026-07-28 13:46:03,2026-07-31 13:46:03,540938.49,store,finished
MC0082,202501平台满减082,新品首发,2025-01-12 22:09:27,2025-01-17 22:09:27,752660.12,platform,finished
MC0083,202602平台满减083,新品首发,2026-02-10 22:50:14,2026-02-20 22:50:14,622956.52,platform,finished
MC0084,202511新品首发084,平台满减,2025-11-11 01:20:19,2025-11-17 01:20:19,466905.19,platform,finished
MC0085,202511品牌日085,品牌日,2025-11-05 05:21:56,2025-11-06 05:21:56,466603.06,platform,finished
MC0086,202502品类日086,限时秒杀,2025-02-27 14:56:51,2025-03-05 14:56:51,107455.47,platform,finished
MC0087,202512会员专享087,限时秒杀,2025-12-13 19:37:06,2025-12-28 19:37:06,406450.48,store,finished
MC0088,202511限时秒杀088,新品首发,2025-11-04 02:29:55,2025-11-06 02:29:55,94978.46,platform,finished
MC0089,202512平台满减089,品牌日,2025-12-27 23:40:05,2026-01-03 23:40:05,603455.79,platform,finished
MC0090,202502品牌日090,新品首发,2025-02-05 22:37:48,2025-02-14 22:37:48,254033.41,platform,finished
MC0091,202608限时秒杀091,会员专享,2026-08-03 07:24:48,2026-08-13 07:24:48,509355.79,store,finished
MC0092,202602品类日092,新品首发,2026-02-01 21:56:44,2026-02-10 21:56:44,710015.8,platform,finished
MC0093,202603品类日093,限时秒杀,2026-03-19 09:41:18,2026-04-05 09:41:18,136940.02,store,finished
MC0094,202603品类日094,品牌日,2026-03-11 16:17:22,2026-03-20 16:17:22,627021.29,store,finished
MC0095,202501平台满减095,品类日,2025-01-08 04:56:07,2025-01-16 04:56:07,438403.63,joint,finished
MC0096,202604品类日096,品牌日,2026-04-28 11:21:40,2026-05-03 11:21:40,437555.91,store,finished
MC0097,202508平台满减097,限时秒杀,2025-08-29 22:51:20,2025-08-31 22:51:20,487769.42,joint,finished
MC0098,202604新品首发098,新品首发,2026-04-21 19:05:32,2026-04-30 19:05:32,403382.29,platform,finished
MC0099,202602品类日099,品牌日,2026-02-21 19:45:29,2026-03-09 19:45:29,52457.74,store,finished
MC0100,202503品类日100,品牌日,2025-03-27 11:36:23,2025-04-08 11:36:23,526114.63,store,finished
