purchase_order_id,supplier_id,warehouse_id,created_at,expected_date,status,purchase_amount,currency
PO000001,SUP0060,W003,2025-04-01 06:53:33,2025-04-24,received,1061570.98,CNY
PO000002,SUP0117,W001,2026-03-16 18:52:23,2026-03-22,received,1130938.5,CNY
PO000003,SUP0072,W004,2025-09-21 12:37:22,2025-10-11,received,1610628.44,CNY
PO000004,SUP0001,W014,2025-01-09 03:36:43,2025-02-01,received,1165428.87,CNY
PO000005,SUP0043,W004,2025-07-23 05:03:17,2025-07-31,received,776289.69,CNY
PO000006,SUP0052,W009,2026-03-08 13:35:53,2026-03-25,received,1594238.42,CNY
PO000007,SUP0012,W014,2025-12-28 22:47:36,2026-01-14,received,1113874.97,CNY
PO000008,SUP0076,W010,2026-04-01 07:49:04,2026-04-24,received,611770.67,CNY
PO000009,SUP0077,W016,2025-11-12 09:49:20,2025-11-27,received,990147.62,CNY
PO000010,SUP0100,W001,2025-10-16 09:20:31,2025-11-09,shipped,1610737.32,CNY
PO000011,SUP0074,W012,2025-12-23 09:02:12,2026-01-11,received,1476786.5,CNY
PO000012,SUP0146,W014,2025-04-29 11:48:11,2025-05-08,received,1115207.6,CNY
PO000013,SUP0128,W016,2025-05-03 17:18:56,2025-05-12,received,408926.58,CNY
PO000014,SUP0007,W001,2026-08-19 15:50:49,2026-08-30,approved,667485.14,CNY
PO000015,SUP0061,W011,2025-09-27 23:15:21,2025-10-09,received,894733.35,CNY
PO000016,SUP0081,W005,2026-08-18 07:07:44,2026-08-25,received,1429943.48,CNY
PO000017,SUP0030,W003,2025-04-02 06:16:14,2025-04-23,received,1176196.33,CNY
PO000018,SUP0035,W006,2026-08-07 13:53:08,2026-08-18,received,680383.09,CNY
PO000019,SUP0127,W016,2026-06-09 10:37:37,2026-06-22,approved,1333562.79,CNY
PO000020,SUP0033,W009,2025-10-01 17:29:51,2025-10-24,received,1288162.53,CNY
PO000021,SUP0115,W003,2025-08-01 15:37:56,2025-08-09,received,1168408.04,CNY
PO000022,SUP0114,W004,2025-07-31 23:21:02,2025-08-11,approved,751454.44,CNY
PO000023,SUP0031,W011,2026-04-10 05:20:09,2026-04-30,received,713204.82,CNY
PO000024,SUP0036,W016,2026-01-19 16:13:11,2026-01-28,created,584702.54,CNY
PO000025,SUP0123,W010,2025-09-05 19:46:02,2025-09-26,received,1040430.39,CNY
PO000026,SUP0090,W012,2025-03-05 00:42:51,2025-03-27,cancelled,377530.41,CNY
PO000027,SUP0112,W011,2025-09-13 19:47:09,2025-09-26,received,1293183.31,CNY
PO000028,SUP0093,W003,2026-08-01 17:13:20,2026-08-19,received,642314.83,CNY
PO000029,SUP0104,W015,2026-01-25 01:54:48,2026-02-18,approved,1181052.14,CNY
PO000030,SUP0110,W011,2026-05-15 18:37:22,2026-06-08,received,751227.78,CNY
PO000031,SUP0010,W009,2025-08-31 00:43:18,2025-09-23,cancelled,1624444.91,CNY
PO000032,SUP0053,W002,2025-03-28 12:19:58,2025-04-04,shipped,809565.56,CNY
PO000033,SUP0133,W004,2025-07-23 17:32:44,2025-08-03,received,727046.24,CNY
PO000034,SUP0028,W012,2025-06-23 14:39:16,2025-07-07,approved,1655949.23,CNY
PO000035,SUP0045,W014,2025-05-08 05:07:01,2025-05-31,received,1108906.22,CNY
PO000036,SUP0004,W003,2025-11-21 16:52:32,2025-11-27,received,1224405.15,CNY
PO000037,SUP0042,W010,2026-07-14 08:11:53,2026-07-27,approved,495386.09,CNY
PO000038,SUP0056,W006,2025-01-19 12:38:36,2025-01-29,received,1167351.88,CNY
PO000039,SUP0025,W003,2026-04-27 10:52:52,2026-05-18,received,1241045.44,CNY
PO000040,SUP0143,W010,2026-04-23 09:54:10,2026-05-17,approved,1397389.15,CNY
PO000041,SUP0013,W002,2026-06-22 00:41:08,2026-07-01,created,1170914.23,CNY
PO000042,SUP0017,W009,2026-02-13 12:26:24,2026-02-21,approved,1117674.44,CNY
PO000043,SUP0053,W005,2026-03-26 10:30:02,2026-04-01,created,1760916.45,CNY
PO000044,SUP0077,W008,2025-11-28 22:13:14,2025-12-19,shipped,1085799.37,CNY
PO000045,SUP0046,W014,2026-07-12 23:45:33,2026-07-25,received,440636.1,CNY
PO000046,SUP0041,W004,2025-07-31 09:27:21,2025-08-21,received,801078.8,CNY
PO000047,SUP0037,W006,2025-06-09 04:51:48,2025-06-19,received,1823302.71,CNY
PO000048,SUP0008,W001,2025-08-28 01:09:56,2025-09-03,received,1390692.45,CNY
PO000049,SUP0078,W005,2026-01-03 02:57:08,2026-01-13,received,944821.02,CNY
PO000050,SUP0099,W015,2026-02-23 17:53:32,2026-03-18,received,1299976.81,CNY
PO000051,SUP0084,W010,2025-04-16 20:14:15,2025-05-03,received,983801.93,CNY
PO000052,SUP0036,W007,2025-01-22 04:49:40,2025-02-11,received,964814.19,CNY
PO000053,SUP0032,W005,2025-06-27 19:41:36,2025-07-17,received,1035348.27,CNY
PO000054,SUP0122,W013,2025-12-18 10:55:54,2026-01-09,received,466936.3,CNY
PO000055,SUP0045,W013,2026-06-07 23:39:32,2026-06-29,received,1199311.53,CNY
PO000056,SUP0050,W002,2025-10-15 00:29:08,2025-11-02,received,771192.12,CNY
PO000057,SUP0069,W003,2026-05-05 08:11:06,2026-05-14,received,399462.39,CNY
PO000058,SUP0132,W002,2026-07-10 20:11:54,2026-07-30,received,1429632.92,CNY
PO000059,SUP0002,W016,2025-02-11 00:47:32,2025-03-01,received,441340.12,CNY
PO000060,SUP0004,W011,2025-10-07 14:07:05,2025-10-23,received,1306952.14,CNY
PO000061,SUP0089,W002,2026-06-30 18:04:34,2026-07-17,received,712863.6,CNY
PO000062,SUP0064,W007,2025-05-04 02:10:56,2025-05-28,received,1020829.17,CNY
PO000063,SUP0056,W011,2026-03-20 18:25:57,2026-04-03,received,819277.38,CNY
PO000064,SUP0068,W008,2026-07-22 18:30:49,2026-07-30,received,453038.53,CNY
PO000065,SUP0002,W004,2026-06-21 12:10:18,2026-06-29,received,445513.42,CNY
PO000066,SUP0001,W002,2025-04-19 19:37:22,2025-05-11,received,277021.77,CNY
PO000067,SUP0094,W008,2025-07-31 16:11:52,2025-08-10,received,508919.17,CNY
PO000068,SUP0139,W006,2025-08-03 12:42:25,2025-08-12,received,534363.87,CNY
PO000069,SUP0148,W005,2026-08-05 02:00:09,2026-08-28,received,551385.27,CNY
PO000070,SUP0147,W001,2026-05-31 20:46:27,2026-06-19,received,924285.46,CNY
PO000071,SUP0103,W004,2025-11-12 05:29:51,2025-11-23,received,1072121.39,CNY
PO000072,SUP0146,W008,2026-02-27 14:52:41,2026-03-16,approved,818199.34,CNY
PO000073,SUP0122,W003,2025-12-27 12:25:05,2026-01-05,received,277017.61,CNY
PO000074,SUP0109,W009,2025-04-03 15:11:38,2025-04-14,received,677543.82,CNY
PO000075,SUP0057,W008,2025-12-05 00:26:43,2025-12-23,received,1018629.07,CNY
PO000076,SUP0093,W012,2026-02-24 23:51:55,2026-03-18,received,2136259.07,CNY
PO000077,SUP0009,W006,2026-06-14 12:19:57,2026-07-08,received,824160.0,CNY
PO000078,SUP0144,W007,2026-07-14 08:09:37,2026-07-19,received,958481.36,CNY
PO000079,SUP0014,W008,2025-12-17 01:53:32,2026-01-06,received,1118897.08,CNY
PO000080,SUP0137,W011,2026-01-19 14:40:28,2026-02-05,received,783232.0,CNY
PO000081,SUP0115,W013,2026-05-28 10:19:34,2026-06-17,received,690982.28,CNY
PO000082,SUP0014,W001,2025-05-19 16:19:34,2025-05-26,approved,1429410.44,CNY
PO000083,SUP0066,W005,2026-05-28 02:50:11,2026-06-10,received,546122.01,CNY
PO000084,SUP0018,W009,2026-03-17 02:36:48,2026-03-31,approved,1201538.51,CNY
PO000085,SUP0065,W012,2025-03-05 14:16:55,2025-03-29,received,739602.55,CNY
PO000086,SUP0113,W003,2025-03-20 00:56:05,2025-03-29,received,624216.51,CNY
PO000087,SUP0102,W012,2026-03-26 10:35:09,2026-04-05,received,1976806.98,CNY
PO000088,SUP0061,W005,2025-06-07 20:32:48,2025-06-27,received,397467.47,CNY
PO000089,SUP0111,W007,2025-11-04 00:19:17,2025-11-17,received,906443.59,CNY
PO000090,SUP0067,W001,2025-08-26 20:43:09,2025-09-16,received,850946.39,CNY
PO000091,SUP0046,W011,2026-08-11 21:04:57,2026-09-02,cancelled,537384.05,CNY
PO000092,SUP0144,W007,2026-04-25 19:05:43,2026-05-08,created,725648.79,CNY
PO000093,SUP0098,W016,2025-08-31 02:20:00,2025-09-19,received,1548279.04,CNY
PO000094,SUP0084,W003,2025-02-21 00:08:40,2025-02-27,received,750472.25,CNY
PO000095,SUP0116,W010,2025-07-21 12:39:45,2025-08-11,received,1854526.27,CNY
PO000096,SUP0064,W004,2025-05-22 16:25:34,2025-06-06,received,505122.85,CNY
PO000097,SUP0026,W003,2026-08-20 16:45:34,2026-09-12,shipped,894057.62,CNY
PO000098,SUP0077,W005,2025-01-02 02:23:09,2025-01-19,received,1086067.54,CNY
PO000099,SUP0007,W005,2025-11-27 11:38:39,2025-12-18,cancelled,797419.86,CNY
PO000100,SUP0003,W012,2025-08-29 15:06:29,2025-09-06,received,1318788.05,CNY
PO000101,SUP0107,W015,2025-12-26 17:48:47,2026-01-15,received,858919.24,CNY
PO000102,SUP0020,W009,2025-11-15 10:20:52,2025-11-29,received,1047830.56,CNY
PO000103,SUP0037,W001,2025-03-14 18:11:19,2025-04-05,received,1276515.77,CNY
PO000104,SUP0029,W011,2025-09-03 04:35:41,2025-09-17,approved,1489649.97,CNY
PO000105,SUP0142,W009,2025-11-20 08:43:39,2025-11-26,received,1619435.82,CNY
PO000106,SUP0062,W014,2025-11-08 19:09:38,2025-11-20,received,1813510.75,CNY
PO000107,SUP0020,W001,2026-06-16 10:39:27,2026-07-01,received,1378594.8,CNY
PO000108,SUP0023,W008,2026-04-03 06:30:13,2026-04-13,received,2064882.17,CNY
PO000109,SUP0142,W013,2025-06-30 12:40:18,2025-07-15,shipped,1426245.69,CNY
PO000110,SUP0036,W016,2026-01-22 04:36:07,2026-01-28,received,742660.33,CNY
PO000111,SUP0140,W008,2025-01-05 04:18:32,2025-01-10,received,277663.93,CNY
PO000112,SUP0147,W001,2026-06-25 03:21:42,2026-07-04,received,953672.62,CNY
PO000113,SUP0097,W005,2026-03-25 20:51:46,2026-04-06,received,1077273.2,CNY
PO000114,SUP0089,W006,2025-04-23 13:17:22,2025-05-12,cancelled,1432709.54,CNY
PO000115,SUP0078,W008,2026-06-20 11:50:16,2026-07-05,received,920141.39,CNY
PO000116,SUP0100,W003,2026-07-26 16:32:24,2026-08-10,received,1086137.83,CNY
PO000117,SUP0086,W009,2025-10-03 09:36:16,2025-10-24,received,650191.27,CNY
PO000118,SUP0101,W010,2026-06-03 02:18:59,2026-06-08,approved,276948.15,CNY
PO000119,SUP0070,W003,2025-11-19 22:27:28,2025-11-26,received,1550507.95,CNY
PO000120,SUP0053,W015,2025-09-23 09:44:22,2025-10-07,received,639756.08,CNY
PO000121,SUP0066,W015,2025-06-13 20:14:13,2025-06-24,created,1366779.93,CNY
PO000122,SUP0127,W002,2025-09-25 11:34:33,2025-10-13,received,900939.71,CNY
PO000123,SUP0149,W015,2026-08-12 04:21:52,2026-08-29,approved,1311918.55,CNY
PO000124,SUP0097,W005,2026-01-01 10:48:52,2026-01-24,shipped,1866595.07,CNY
PO000125,SUP0111,W015,2025-12-22 09:02:45,2025-12-31,received,275276.7,CNY
PO000126,SUP0148,W003,2025-09-29 05:28:40,2025-10-10,received,512273.58,CNY
PO000127,SUP0113,W012,2025-11-25 03:10:46,2025-12-11,shipped,465788.49,CNY
PO000128,SUP0110,W016,2025-01-15 03:38:05,2025-02-03,shipped,360701.44,CNY
PO000129,SUP0056,W013,2025-08-23 23:20:11,2025-09-10,approved,1286742.41,CNY
PO000130,SUP0099,W010,2025-09-28 22:35:21,2025-10-07,received,616444.68,CNY
PO000131,SUP0056,W005,2026-04-14 09:27:44,2026-04-25,received,1485943.4,CNY
PO000132,SUP0128,W009,2025-05-19 21:27:23,2025-05-30,received,1158046.22,CNY
PO000133,SUP0029,W001,2025-06-18 14:10:18,2025-06-27,received,276242.09,CNY
PO000134,SUP0127,W004,2025-11-29 09:37:02,2025-12-10,created,1212078.55,CNY
PO000135,SUP0091,W010,2026-07-08 08:45:33,2026-07-26,received,368475.72,CNY
PO000136,SUP0049,W004,2026-08-02 01:09:29,2026-08-22,received,737421.52,CNY
PO000137,SUP0057,W010,2026-03-28 00:53:47,2026-04-10,received,2067617.95,CNY
PO000138,SUP0141,W010,2025-04-16 22:42:34,2025-05-05,received,1765263.16,CNY
PO000139,SUP0105,W008,2025-01-16 10:49:22,2025-01-24,received,1303828.08,CNY
PO000140,SUP0059,W015,2025-03-06 08:10:29,2025-03-30,approved,778062.76,CNY
PO000141,SUP0127,W008,2025-05-16 22:09:09,2025-05-29,received,1564617.88,CNY
PO000142,SUP0081,W011,2025-03-17 16:25:14,2025-04-04,received,731276.75,CNY
PO000143,SUP0097,W005,2025-07-05 12:30:26,2025-07-13,received,546375.74,CNY
PO000144,SUP0088,W006,2026-04-03 16:17:09,2026-04-19,approved,1500972.38,CNY
PO000145,SUP0042,W008,2025-08-24 23:47:57,2025-09-01,cancelled,1629555.78,CNY
PO000146,SUP0061,W016,2026-06-18 18:52:56,2026-06-23,created,1084511.83,CNY
PO000147,SUP0068,W006,2025-03-03 21:30:27,2025-03-18,received,499302.77,CNY
PO000148,SUP0140,W005,2026-08-17 22:15:45,2026-09-09,received,1705305.65,CNY
PO000149,SUP0129,W002,2025-03-22 11:02:03,2025-04-02,received,1428015.52,CNY
PO000150,SUP0046,W010,2025-05-27 15:07:10,2025-06-18,received,1408494.58,CNY
PO000151,SUP0146,W001,2026-08-02 06:18:29,2026-08-10,approved,1767239.23,CNY
PO000152,SUP0038,W002,2025-02-03 18:14:08,2025-02-08,received,1511056.33,CNY
PO000153,SUP0065,W013,2025-08-22 00:38:35,2025-08-31,shipped,1436230.4,CNY
PO000154,SUP0027,W011,2025-09-25 18:31:22,2025-10-18,cancelled,478122.77,CNY
PO000155,SUP0008,W008,2025-08-24 22:12:43,2025-09-07,received,1259161.24,CNY
PO000156,SUP0136,W016,2025-10-31 07:16:12,2025-11-14,received,1843139.8,CNY
PO000157,SUP0087,W008,2025-05-23 18:28:25,2025-06-02,received,895841.68,CNY
PO000158,SUP0106,W010,2026-04-24 22:51:00,2026-05-06,created,740510.5,CNY
PO000159,SUP0064,W012,2025-06-21 00:32:36,2025-07-14,received,1532975.77,CNY
PO000160,SUP0138,W005,2026-08-09 10:22:35,2026-08-14,received,998251.97,CNY
PO000161,SUP0114,W006,2025-02-04 15:13:01,2025-02-11,received,1325441.94,CNY
PO000162,SUP0011,W004,2025-01-26 10:50:14,2025-02-10,created,1347332.57,CNY
PO000163,SUP0143,W002,2026-03-11 20:23:06,2026-03-23,received,2250643.93,CNY
PO000164,SUP0149,W007,2025-01-12 04:05:32,2025-02-05,received,1108007.4,CNY
PO000165,SUP0126,W001,2025-10-02 17:57:06,2025-10-13,received,1459720.4,CNY
PO000166,SUP0150,W005,2026-04-01 05:11:09,2026-04-12,received,898511.03,CNY
PO000167,SUP0021,W004,2025-01-10 06:12:18,2025-01-17,received,1064664.61,CNY
PO000168,SUP0034,W013,2025-10-10 11:44:55,2025-10-18,received,1731869.06,CNY
PO000169,SUP0012,W002,2026-03-17 16:51:54,2026-03-24,received,1538145.87,CNY
PO000170,SUP0101,W013,2025-12-14 14:31:08,2026-01-05,received,1891139.23,CNY
PO000171,SUP0067,W010,2025-09-22 00:28:37,2025-10-09,shipped,951616.03,CNY
PO000172,SUP0122,W016,2025-08-19 17:13:10,2025-09-11,received,784036.08,CNY
PO000173,SUP0150,W012,2025-05-10 09:36:31,2025-05-25,received,908564.36,CNY
PO000174,SUP0079,W015,2025-11-21 00:28:29,2025-12-04,received,199054.53,CNY
PO000175,SUP0065,W004,2026-01-09 11:11:54,2026-01-30,shipped,1544075.85,CNY
PO000176,SUP0029,W014,2026-03-25 10:03:16,2026-04-18,shipped,785956.86,CNY
PO000177,SUP0075,W013,2026-05-04 14:09:40,2026-05-26,approved,1376413.73,CNY
PO000178,SUP0041,W003,2025-04-30 08:42:07,2025-05-15,received,632557.52,CNY
PO000179,SUP0122,W001,2025-01-23 19:15:22,2025-01-29,received,771867.18,CNY
PO000180,SUP0118,W014,2025-06-07 16:54:57,2025-06-27,received,711124.57,CNY
PO000181,SUP0056,W003,2025-12-03 11:17:16,2025-12-16,approved,721695.6,CNY
PO000182,SUP0132,W001,2025-05-19 04:19:06,2025-05-27,received,1612129.8,CNY
PO000183,SUP0102,W005,2025-10-07 17:50:15,2025-10-30,approved,2255893.53,CNY
PO000184,SUP0061,W009,2025-04-22 08:52:59,2025-05-09,received,1173330.17,CNY
PO000185,SUP0111,W015,2025-09-04 19:55:57,2025-09-17,received,1323954.41,CNY
PO000186,SUP0075,W015,2026-02-12 12:03:25,2026-02-25,received,668915.4,CNY
PO000187,SUP0034,W006,2025-09-19 16:03:19,2025-10-06,created,977548.25,CNY
PO000188,SUP0110,W013,2025-09-03 12:04:12,2025-09-20,received,2412396.18,CNY
PO000189,SUP0064,W012,2025-10-21 12:40:26,2025-10-28,received,1483096.06,CNY
PO000190,SUP0089,W009,2026-01-28 17:36:20,2026-02-13,received,493083.74,CNY
PO000191,SUP0070,W006,2025-05-09 18:29:27,2025-05-21,shipped,1795430.71,CNY
PO000192,SUP0111,W013,2026-02-26 10:55:10,2026-03-20,received,2142860.42,CNY
PO000193,SUP0070,W006,2025-08-26 02:41:58,2025-08-31,received,1214344.67,CNY
PO000194,SUP0115,W008,2025-11-19 21:21:32,2025-11-25,received,1730004.83,CNY
PO000195,SUP0133,W006,2025-11-27 15:18:57,2025-12-19,shipped,1655336.94,CNY
PO000196,SUP0053,W016,2025-10-04 15:05:50,2025-10-28,shipped,536395.8,CNY
PO000197,SUP0101,W006,2026-06-14 22:11:44,2026-07-06,shipped,1572379.65,CNY
PO000198,SUP0149,W010,2025-06-21 22:31:27,2025-07-07,shipped,1682186.03,CNY
PO000199,SUP0099,W015,2026-06-07 15:19:59,2026-06-13,approved,1372950.24,CNY
PO000200,SUP0133,W015,2026-02-27 16:57:48,2026-03-22,received,1217403.03,CNY
PO000201,SUP0049,W009,2025-06-29 13:16:18,2025-07-06,received,681112.15,CNY
PO000202,SUP0052,W008,2025-08-30 22:28:53,2025-09-23,received,1009871.8,CNY
PO000203,SUP0026,W008,2025-11-27 21:52:37,2025-12-17,shipped,956359.38,CNY
PO000204,SUP0018,W008,2025-11-22 20:12:11,2025-11-29,received,1451020.92,CNY
PO000205,SUP0020,W009,2026-08-09 11:20:48,2026-08-19,received,872648.48,CNY
PO000206,SUP0073,W012,2025-03-16 21:02:24,2025-04-07,received,434212.85,CNY
PO000207,SUP0010,W005,2026-02-27 00:38:26,2026-03-18,received,2169277.78,CNY
PO000208,SUP0083,W007,2025-02-14 16:32:18,2025-02-20,cancelled,1466096.34,CNY
PO000209,SUP0136,W009,2026-05-11 16:31:25,2026-05-17,received,615007.86,CNY
PO000210,SUP0007,W010,2026-08-09 08:49:39,2026-08-14,shipped,1383479.19,CNY
PO000211,SUP0090,W010,2026-06-08 03:49:24,2026-06-13,approved,594885.06,CNY
PO000212,SUP0091,W011,2025-06-07 18:49:00,2025-07-01,received,545274.97,CNY
PO000213,SUP0110,W009,2025-12-21 18:38:05,2026-01-03,received,1887374.35,CNY
PO000214,SUP0063,W011,2025-06-04 18:52:46,2025-06-22,received,269382.36,CNY
PO000215,SUP0068,W004,2025-08-16 22:50:52,2025-09-01,received,1467562.54,CNY
PO000216,SUP0034,W016,2025-08-24 07:11:56,2025-09-02,received,1143294.42,CNY
PO000217,SUP0102,W013,2025-10-08 22:56:27,2025-10-17,approved,643996.07,CNY
PO000218,SUP0076,W011,2025-09-06 15:31:37,2025-09-22,received,739730.24,CNY
PO000219,SUP0081,W004,2025-06-10 00:32:11,2025-06-15,received,1019722.07,CNY
PO000220,SUP0020,W006,2026-05-19 02:17:33,2026-06-10,received,1682770.1,CNY
PO000221,SUP0110,W009,2025-11-12 22:08:31,2025-11-20,received,803572.84,CNY
PO000222,SUP0114,W014,2026-07-29 08:27:16,2026-08-06,received,520844.55,CNY
PO000223,SUP0088,W006,2025-09-19 00:37:56,2025-10-01,received,1810301.58,CNY
PO000224,SUP0010,W011,2026-05-20 23:35:01,2026-06-04,received,1147329.04,CNY
PO000225,SUP0134,W011,2026-05-15 16:02:42,2026-06-01,received,1840606.29,CNY
PO000226,SUP0055,W012,2025-02-04 21:27:29,2025-02-19,cancelled,1316689.4,CNY
PO000227,SUP0084,W006,2025-06-10 19:34:00,2025-06-30,received,1431861.46,CNY
PO000228,SUP0022,W007,2026-05-16 04:25:14,2026-05-28,received,839181.04,CNY
PO000229,SUP0099,W004,2026-04-21 23:05:01,2026-04-29,received,961955.82,CNY
PO000230,SUP0075,W012,2025-09-10 11:02:04,2025-10-02,received,610841.9,CNY
PO000231,SUP0045,W010,2025-06-09 21:19:49,2025-06-28,received,373902.42,CNY
PO000232,SUP0018,W008,2025-12-17 22:25:26,2026-01-08,received,741556.64,CNY
PO000233,SUP0039,W012,2025-01-30 17:18:05,2025-02-04,received,1280207.78,CNY
PO000234,SUP0078,W004,2025-07-19 10:04:09,2025-08-12,received,1338216.27,CNY
PO000235,SUP0025,W010,2025-10-15 15:09:26,2025-10-20,shipped,352699.68,CNY
PO000236,SUP0148,W004,2026-02-08 20:21:47,2026-02-20,received,770317.27,CNY
PO000237,SUP0077,W002,2025-03-31 22:54:52,2025-04-06,received,1119057.9,CNY
PO000238,SUP0048,W003,2025-09-17 01:34:02,2025-10-08,received,557186.12,CNY
PO000239,SUP0062,W012,2025-05-11 15:21:25,2025-05-22,received,1767555.18,CNY
PO000240,SUP0015,W007,2025-06-04 04:55:08,2025-06-12,received,1069490.15,CNY
PO000241,SUP0089,W013,2025-12-26 09:16:48,2026-01-05,received,1805357.77,CNY
PO000242,SUP0017,W006,2026-02-21 19:39:59,2026-03-11,received,709656.51,CNY
PO000243,SUP0117,W007,2026-01-27 17:50:51,2026-02-09,received,644168.03,CNY
PO000244,SUP0022,W013,2026-06-26 06:35:25,2026-07-11,approved,538347.2,CNY
PO000245,SUP0150,W011,2025-09-29 06:44:30,2025-10-04,created,443065.14,CNY
PO000246,SUP0039,W014,2026-01-28 16:47:59,2026-02-18,received,1398567.26,CNY
PO000247,SUP0133,W013,2026-05-21 17:20:46,2026-06-07,received,334094.79,CNY
PO000248,SUP0138,W010,2025-04-14 06:15:28,2025-04-21,received,1780581.4,CNY
PO000249,SUP0032,W015,2025-06-04 01:24:58,2025-06-26,received,1255097.9,CNY
PO000250,SUP0069,W007,2025-12-30 13:38:31,2026-01-16,approved,633162.57,CNY
PO000251,SUP0028,W011,2025-08-22 01:33:16,2025-09-15,received,817266.72,CNY
PO000252,SUP0063,W001,2025-05-21 19:13:12,2025-05-31,received,1218361.85,CNY
PO000253,SUP0070,W006,2026-03-06 06:32:21,2026-03-11,received,752948.76,CNY
PO000254,SUP0004,W001,2026-05-24 08:27:07,2026-06-14,received,878503.21,CNY
PO000255,SUP0146,W004,2025-05-09 10:01:25,2025-05-26,received,1681865.58,CNY
PO000256,SUP0086,W002,2025-09-02 01:07:54,2025-09-16,received,529397.05,CNY
PO000257,SUP0073,W008,2026-08-12 23:26:29,2026-09-02,received,1279212.19,CNY
PO000258,SUP0126,W010,2025-10-26 22:28:02,2025-10-31,received,548378.14,CNY
PO000259,SUP0076,W014,2025-01-29 13:19:29,2025-02-07,received,1534319.07,CNY
PO000260,SUP0064,W006,2025-02-05 13:33:24,2025-02-26,received,1247175.41,CNY
PO000261,SUP0075,W011,2025-08-13 07:45:10,2025-08-20,approved,699869.32,CNY
PO000262,SUP0116,W011,2026-03-20 15:42:27,2026-04-02,created,1310436.22,CNY
PO000263,SUP0107,W016,2025-11-06 22:17:22,2025-11-30,created,1306657.42,CNY
PO000264,SUP0125,W003,2026-06-04 10:15:39,2026-06-22,received,1115900.12,CNY
PO000265,SUP0142,W009,2025-07-09 01:39:43,2025-07-22,received,1422832.59,CNY
PO000266,SUP0101,W009,2025-01-25 04:40:59,2025-02-14,received,551410.9,CNY
PO000267,SUP0006,W011,2025-02-09 03:56:49,2025-03-03,received,306618.68,CNY
PO000268,SUP0135,W002,2026-03-14 07:40:55,2026-03-29,cancelled,414054.21,CNY
PO000269,SUP0080,W008,2025-05-02 00:59:04,2025-05-19,received,883575.85,CNY
PO000270,SUP0033,W004,2026-02-02 02:49:00,2026-02-21,created,1382577.36,CNY
PO000271,SUP0032,W016,2025-08-25 23:02:47,2025-09-03,received,393414.04,CNY
PO000272,SUP0003,W013,2025-08-25 18:56:23,2025-08-31,shipped,1094190.78,CNY
PO000273,SUP0036,W007,2026-06-18 12:48:46,2026-07-12,received,815054.5,CNY
PO000274,SUP0041,W014,2025-09-28 01:19:56,2025-10-03,received,718760.36,CNY
PO000275,SUP0124,W010,2025-01-16 12:05:49,2025-01-24,received,1097466.41,CNY
PO000276,SUP0016,W015,2026-07-09 18:14:37,2026-07-31,created,238329.73,CNY
PO000277,SUP0143,W004,2025-06-01 23:25:37,2025-06-06,received,1179781.42,CNY
PO000278,SUP0123,W004,2025-01-11 12:26:36,2025-01-19,received,1135230.0,CNY
PO000279,SUP0029,W011,2025-04-22 19:00:09,2025-04-30,received,464808.34,CNY
PO000280,SUP0033,W003,2025-01-09 03:51:59,2025-01-23,received,2231839.46,CNY
PO000281,SUP0032,W002,2026-08-01 14:44:59,2026-08-10,shipped,994386.07,CNY
PO000282,SUP0006,W008,2025-08-09 18:27:56,2025-08-24,received,1326498.06,CNY
PO000283,SUP0020,W002,2025-04-03 11:08:33,2025-04-14,received,554186.5,CNY
PO000284,SUP0091,W013,2025-12-21 13:25:51,2025-12-31,received,979821.03,CNY
PO000285,SUP0098,W013,2025-01-25 23:58:56,2025-02-01,received,866994.17,CNY
PO000286,SUP0111,W015,2025-05-31 22:52:15,2025-06-13,received,537485.19,CNY
PO000287,SUP0029,W004,2026-01-31 06:09:01,2026-02-05,approved,987794.8,CNY
PO000288,SUP0093,W015,2025-03-05 18:22:05,2025-03-23,received,1132491.47,CNY
PO000289,SUP0009,W012,2026-05-20 07:45:44,2026-05-27,received,1685106.23,CNY
PO000290,SUP0101,W013,2025-07-16 14:59:30,2025-07-25,received,2125673.07,CNY
PO000291,SUP0027,W001,2025-04-17 23:31:38,2025-04-22,created,1771001.47,CNY
PO000292,SUP0092,W005,2026-02-06 11:44:20,2026-02-19,received,273761.18,CNY
PO000293,SUP0060,W006,2026-06-20 15:09:52,2026-06-29,shipped,1639647.78,CNY
PO000294,SUP0030,W016,2025-02-09 13:37:39,2025-02-18,received,983541.18,CNY
PO000295,SUP0129,W003,2025-05-31 15:34:13,2025-06-06,received,1263792.87,CNY
PO000296,SUP0145,W008,2025-05-05 13:37:09,2025-05-20,received,1059693.84,CNY
PO000297,SUP0070,W004,2026-07-18 17:13:40,2026-07-31,received,348844.71,CNY
PO000298,SUP0048,W014,2026-03-22 02:23:59,2026-04-02,received,801648.15,CNY
PO000299,SUP0067,W009,2025-07-26 12:13:55,2025-08-03,received,655618.91,CNY
PO000300,SUP0020,W003,2025-06-23 23:36:20,2025-07-04,received,615586.29,CNY
PO000301,SUP0033,W006,2025-12-31 01:27:27,2026-01-19,received,1021845.93,CNY
PO000302,SUP0052,W013,2025-11-01 02:42:34,2025-11-24,shipped,1452032.17,CNY
PO000303,SUP0082,W008,2026-07-05 16:10:28,2026-07-24,received,912413.21,CNY
PO000304,SUP0055,W012,2026-03-26 04:36:36,2026-04-07,received,1341319.4,CNY
PO000305,SUP0116,W008,2026-04-27 13:13:42,2026-05-09,received,1355778.3,CNY
PO000306,SUP0037,W009,2026-05-19 18:06:16,2026-05-25,received,972863.23,CNY
PO000307,SUP0063,W003,2026-02-17 08:03:08,2026-02-24,received,1182621.56,CNY
PO000308,SUP0071,W010,2025-01-17 15:49:11,2025-02-05,received,776442.73,CNY
PO000309,SUP0089,W001,2025-04-24 23:47:39,2025-05-14,received,792949.96,CNY
PO000310,SUP0005,W015,2025-09-21 06:56:12,2025-09-30,received,678900.28,CNY
PO000311,SUP0092,W009,2025-08-29 15:53:12,2025-09-22,received,573176.25,CNY
PO000312,SUP0075,W014,2025-12-10 09:03:29,2025-12-18,received,754131.42,CNY
PO000313,SUP0044,W014,2025-02-15 08:38:40,2025-03-04,received,1200007.13,CNY
PO000314,SUP0088,W012,2025-04-25 01:26:10,2025-05-18,received,1177563.39,CNY
PO000315,SUP0146,W014,2025-09-15 21:30:09,2025-09-28,received,781215.64,CNY
PO000316,SUP0085,W016,2025-07-25 04:38:21,2025-08-18,shipped,780217.11,CNY
PO000317,SUP0150,W009,2026-08-17 21:32:54,2026-08-28,received,696411.26,CNY
PO000318,SUP0147,W007,2026-08-17 10:02:35,2026-08-24,received,647498.83,CNY
PO000319,SUP0064,W009,2026-05-14 18:14:13,2026-05-24,created,376700.63,CNY
PO000320,SUP0067,W010,2026-06-18 10:51:30,2026-07-08,shipped,375091.29,CNY
PO000321,SUP0078,W002,2026-04-18 01:23:47,2026-04-25,received,1517037.8,CNY
PO000322,SUP0128,W013,2026-03-30 07:52:43,2026-04-04,received,914886.61,CNY
PO000323,SUP0124,W003,2025-11-06 10:50:16,2025-11-27,received,1271918.83,CNY
PO000324,SUP0132,W004,2026-07-24 05:51:28,2026-08-13,received,1006222.72,CNY
PO000325,SUP0093,W006,2025-10-10 22:53:48,2025-10-17,received,1213496.54,CNY
PO000326,SUP0128,W002,2025-12-27 04:02:54,2026-01-11,received,229303.24,CNY
PO000327,SUP0106,W011,2025-07-29 09:46:03,2025-08-09,received,939574.9,CNY
PO000328,SUP0131,W010,2026-03-19 20:22:45,2026-04-02,received,1124198.0,CNY
PO000329,SUP0138,W011,2025-04-23 07:00:25,2025-05-10,received,2716971.18,CNY
PO000330,SUP0105,W006,2025-02-19 17:07:48,2025-03-12,received,1210529.31,CNY
PO000331,SUP0092,W015,2025-01-31 19:49:33,2025-02-11,approved,1904276.29,CNY
PO000332,SUP0069,W004,2026-04-22 08:21:51,2026-05-11,received,914488.83,CNY
PO000333,SUP0044,W014,2025-05-01 10:40:59,2025-05-13,shipped,268813.18,CNY
PO000334,SUP0089,W005,2026-07-13 10:25:31,2026-07-18,cancelled,484618.84,CNY
PO000335,SUP0017,W012,2026-05-24 16:26:28,2026-06-05,approved,556913.93,CNY
PO000336,SUP0108,W009,2025-10-27 21:11:53,2025-11-12,received,1518767.06,CNY
PO000337,SUP0012,W008,2025-08-18 08:03:27,2025-08-23,received,966934.08,CNY
PO000338,SUP0108,W010,2025-02-04 08:38:09,2025-02-20,created,570444.31,CNY
PO000339,SUP0012,W010,2025-12-05 23:19:43,2025-12-24,approved,1175065.33,CNY
PO000340,SUP0130,W013,2025-02-02 17:56:43,2025-02-19,received,673859.42,CNY
PO000341,SUP0062,W001,2026-03-27 20:17:19,2026-04-10,received,1237539.36,CNY
PO000342,SUP0056,W009,2025-05-01 23:42:56,2025-05-20,approved,369334.86,CNY
PO000343,SUP0117,W006,2026-02-24 06:38:55,2026-03-03,received,506508.88,CNY
PO000344,SUP0023,W006,2025-06-02 02:12:52,2025-06-18,approved,1609679.32,CNY
PO000345,SUP0141,W013,2026-08-16 05:15:22,2026-09-09,shipped,617505.26,CNY
PO000346,SUP0141,W015,2025-09-03 10:05:04,2025-09-13,received,816502.38,CNY
PO000347,SUP0069,W012,2025-01-20 00:53:15,2025-02-06,received,721750.71,CNY
PO000348,SUP0150,W012,2025-03-31 01:17:31,2025-04-17,shipped,810297.0,CNY
PO000349,SUP0135,W002,2026-04-12 11:19:31,2026-04-23,received,729335.74,CNY
PO000350,SUP0067,W006,2025-01-20 23:53:36,2025-02-03,received,1795696.52,CNY
PO000351,SUP0126,W013,2025-04-08 06:55:48,2025-04-27,shipped,875261.5,CNY
PO000352,SUP0045,W002,2026-04-22 09:36:52,2026-04-30,received,2157176.31,CNY
PO000353,SUP0138,W012,2026-04-20 21:02:26,2026-05-07,created,455879.24,CNY
PO000354,SUP0075,W013,2025-09-14 10:56:15,2025-09-27,received,1272635.46,CNY
PO000355,SUP0015,W001,2025-07-01 23:26:37,2025-07-09,received,664965.82,CNY
PO000356,SUP0150,W013,2026-03-11 17:02:25,2026-03-23,created,1181587.19,CNY
PO000357,SUP0068,W011,2026-04-02 22:15:32,2026-04-20,received,1203888.82,CNY
PO000358,SUP0070,W006,2026-06-25 14:41:42,2026-07-10,received,1353428.64,CNY
PO000359,SUP0017,W015,2025-02-27 16:20:25,2025-03-09,received,1104868.38,CNY
PO000360,SUP0036,W001,2026-04-07 20:32:21,2026-04-26,shipped,2392202.48,CNY
PO000361,SUP0150,W007,2025-11-06 13:05:35,2025-11-21,received,980184.99,CNY
PO000362,SUP0044,W008,2026-06-26 18:59:36,2026-07-09,received,442961.57,CNY
PO000363,SUP0030,W001,2026-02-14 12:40:05,2026-02-20,received,723909.59,CNY
PO000364,SUP0147,W016,2025-01-05 03:28:27,2025-01-29,received,2509555.73,CNY
PO000365,SUP0071,W009,2025-04-25 20:41:44,2025-05-13,received,1456335.48,CNY
PO000366,SUP0120,W001,2025-09-20 21:25:40,2025-10-12,received,1094832.26,CNY
PO000367,SUP0005,W010,2025-04-17 12:52:04,2025-04-23,received,1075878.72,CNY
PO000368,SUP0148,W006,2025-11-27 11:45:28,2025-12-05,received,1567456.57,CNY
PO000369,SUP0035,W003,2026-04-28 01:41:49,2026-05-13,cancelled,1098105.04,CNY
PO000370,SUP0013,W008,2025-05-10 07:13:35,2025-05-22,received,1616482.99,CNY
PO000371,SUP0041,W014,2025-12-19 23:57:32,2026-01-11,received,1768983.12,CNY
PO000372,SUP0081,W009,2026-06-07 12:23:31,2026-06-25,shipped,1198562.77,CNY
PO000373,SUP0029,W014,2026-08-10 11:59:00,2026-08-22,shipped,1292558.95,CNY
PO000374,SUP0110,W012,2026-07-21 01:41:39,2026-07-28,received,1558341.07,CNY
PO000375,SUP0015,W010,2025-02-25 16:46:44,2025-03-02,received,655249.31,CNY
PO000376,SUP0052,W008,2026-08-05 11:37:38,2026-08-29,received,588211.33,CNY
PO000377,SUP0065,W016,2025-07-31 20:00:57,2025-08-17,received,1801504.89,CNY
PO000378,SUP0065,W011,2025-01-13 11:36:56,2025-01-30,approved,510249.24,CNY
PO000379,SUP0002,W015,2026-08-13 10:59:09,2026-09-06,received,1530629.03,CNY
PO000380,SUP0062,W002,2025-03-04 21:46:15,2025-03-11,received,1719946.95,CNY
PO000381,SUP0044,W005,2026-02-21 13:31:42,2026-03-09,cancelled,360828.13,CNY
PO000382,SUP0135,W007,2026-01-08 22:20:58,2026-01-23,received,1839268.08,CNY
PO000383,SUP0041,W004,2025-11-25 15:04:12,2025-12-11,cancelled,942487.04,CNY
PO000384,SUP0118,W002,2026-08-08 00:33:37,2026-08-13,received,1274403.13,CNY
PO000385,SUP0084,W016,2025-11-17 19:09:39,2025-11-24,received,939313.49,CNY
PO000386,SUP0092,W009,2026-03-10 15:48:31,2026-03-26,received,717863.45,CNY
PO000387,SUP0045,W016,2025-02-18 06:35:35,2025-03-01,received,1360574.09,CNY
PO000388,SUP0004,W016,2026-07-15 21:48:05,2026-08-01,received,1245628.74,CNY
PO000389,SUP0098,W009,2025-09-02 12:42:50,2025-09-25,received,1053242.56,CNY
PO000390,SUP0004,W014,2025-12-22 22:55:01,2025-12-28,shipped,687703.59,CNY
PO000391,SUP0066,W012,2025-03-06 10:37:47,2025-03-28,received,478053.02,CNY
PO000392,SUP0147,W010,2026-03-31 05:46:24,2026-04-06,received,1143036.81,CNY
PO000393,SUP0085,W009,2025-08-24 05:17:58,2025-09-15,approved,707446.24,CNY
PO000394,SUP0031,W003,2025-05-17 06:27:02,2025-05-27,received,816880.33,CNY
PO000395,SUP0111,W012,2026-07-01 15:36:21,2026-07-23,received,840412.04,CNY
PO000396,SUP0022,W008,2025-09-24 14:10:43,2025-10-10,shipped,515070.86,CNY
PO000397,SUP0094,W001,2025-08-30 03:20:02,2025-09-23,received,752590.41,CNY
PO000398,SUP0138,W006,2025-03-14 09:53:12,2025-03-28,received,799034.48,CNY
PO000399,SUP0043,W005,2025-11-10 15:55:37,2025-11-19,shipped,713282.24,CNY
PO000400,SUP0066,W001,2025-05-25 18:42:34,2025-06-10,received,1037730.95,CNY
PO000401,SUP0087,W005,2026-07-02 15:27:15,2026-07-23,approved,1394653.63,CNY
PO000402,SUP0122,W001,2026-03-18 01:00:31,2026-04-06,received,630016.96,CNY
PO000403,SUP0044,W010,2026-07-12 12:02:38,2026-07-31,received,900646.23,CNY
PO000404,SUP0108,W010,2025-02-23 16:16:10,2025-03-12,received,1409564.87,CNY
PO000405,SUP0109,W003,2025-02-10 02:36:02,2025-02-17,received,1377015.82,CNY
PO000406,SUP0116,W014,2025-03-29 08:53:11,2025-04-21,received,1025153.79,CNY
PO000407,SUP0117,W007,2026-08-05 15:21:30,2026-08-22,shipped,752193.96,CNY
PO000408,SUP0047,W010,2025-02-13 20:26:57,2025-03-06,approved,1361141.54,CNY
PO000409,SUP0074,W004,2025-12-30 22:33:30,2026-01-23,received,1108218.01,CNY
PO000410,SUP0053,W014,2026-05-06 09:24:18,2026-05-19,received,861510.98,CNY
PO000411,SUP0133,W006,2025-07-08 07:28:27,2025-07-17,approved,1779551.26,CNY
PO000412,SUP0032,W003,2025-09-07 13:14:40,2025-09-26,received,1842010.8,CNY
PO000413,SUP0028,W006,2025-03-09 04:01:50,2025-04-02,received,388915.35,CNY
PO000414,SUP0120,W016,2025-03-15 23:56:45,2025-04-07,received,270466.41,CNY
PO000415,SUP0043,W009,2025-10-09 21:26:25,2025-11-01,received,1480833.1,CNY
PO000416,SUP0146,W014,2025-01-12 14:06:36,2025-01-21,received,1085127.93,CNY
PO000417,SUP0056,W003,2025-10-04 16:23:04,2025-10-21,received,1842943.58,CNY
PO000418,SUP0096,W014,2026-05-16 08:31:30,2026-05-30,cancelled,1128932.38,CNY
PO000419,SUP0131,W008,2025-12-25 05:36:59,2025-12-30,received,450682.49,CNY
PO000420,SUP0113,W014,2025-07-15 07:33:27,2025-08-08,received,473283.4,CNY
PO000421,SUP0136,W005,2025-12-12 14:39:42,2025-12-27,received,1542526.96,CNY
PO000422,SUP0019,W016,2026-05-07 01:09:50,2026-05-18,cancelled,1394415.33,CNY
PO000423,SUP0001,W003,2026-07-07 19:01:10,2026-07-30,received,711226.62,CNY
PO000424,SUP0049,W008,2025-01-14 03:14:29,2025-02-02,received,693180.6,CNY
PO000425,SUP0132,W004,2025-07-25 03:59:11,2025-07-31,received,1748214.99,CNY
PO000426,SUP0146,W006,2025-05-11 03:16:11,2025-05-17,received,1219539.15,CNY
PO000427,SUP0128,W003,2025-04-24 14:45:24,2025-05-14,created,1229084.35,CNY
PO000428,SUP0092,W001,2026-02-12 11:46:23,2026-02-18,received,476353.37,CNY
PO000429,SUP0104,W008,2025-07-19 08:05:47,2025-07-28,received,669044.55,CNY
PO000430,SUP0078,W001,2025-09-29 17:12:28,2025-10-21,shipped,898560.51,CNY
PO000431,SUP0141,W012,2025-09-01 20:36:26,2025-09-06,shipped,1293730.45,CNY
PO000432,SUP0083,W001,2026-08-14 16:08:40,2026-09-04,received,1477903.3,CNY
PO000433,SUP0075,W008,2026-07-18 23:18:22,2026-07-23,received,1446563.88,CNY
PO000434,SUP0008,W011,2025-07-16 19:11:21,2025-08-04,shipped,1061953.7,CNY
PO000435,SUP0146,W016,2026-02-08 14:21:43,2026-02-28,received,1159784.41,CNY
PO000436,SUP0144,W006,2025-05-12 13:19:59,2025-05-19,received,1423730.4,CNY
PO000437,SUP0094,W006,2025-03-23 21:08:55,2025-04-07,received,551981.65,CNY
PO000438,SUP0060,W001,2026-07-17 12:51:27,2026-08-04,received,645835.88,CNY
PO000439,SUP0041,W008,2026-02-09 05:43:10,2026-02-16,received,456337.45,CNY
PO000440,SUP0056,W003,2025-10-01 02:55:20,2025-10-07,received,845535.78,CNY
PO000441,SUP0130,W015,2025-03-07 07:44:27,2025-03-15,received,647722.96,CNY
PO000442,SUP0130,W001,2026-02-16 04:48:04,2026-02-25,received,1299673.94,CNY
PO000443,SUP0124,W004,2025-12-21 01:09:44,2026-01-12,shipped,998919.17,CNY
PO000444,SUP0034,W006,2025-06-28 03:37:38,2025-07-08,received,1952573.0,CNY
PO000445,SUP0109,W006,2025-07-26 12:00:51,2025-08-09,received,1738061.26,CNY
PO000446,SUP0145,W007,2025-09-26 03:05:38,2025-10-07,received,870348.66,CNY
PO000447,SUP0149,W005,2025-12-06 00:03:35,2025-12-18,received,1222848.91,CNY
PO000448,SUP0080,W003,2025-05-03 17:18:30,2025-05-25,received,1558139.65,CNY
PO000449,SUP0064,W004,2026-04-09 00:02:16,2026-05-01,received,821922.49,CNY
PO000450,SUP0112,W003,2026-06-02 14:51:39,2026-06-26,created,1375869.99,CNY
PO000451,SUP0031,W016,2026-01-24 08:25:40,2026-02-02,received,929696.86,CNY
PO000452,SUP0060,W004,2025-04-12 00:43:40,2025-04-17,received,701785.95,CNY
PO000453,SUP0028,W002,2025-06-16 03:16:01,2025-07-07,received,284547.95,CNY
PO000454,SUP0010,W012,2026-03-06 00:44:45,2026-03-20,approved,597968.04,CNY
PO000455,SUP0087,W002,2025-04-13 09:38:09,2025-05-01,created,1295363.24,CNY
PO000456,SUP0048,W004,2025-05-07 08:05:56,2025-05-15,received,682368.2,CNY
PO000457,SUP0116,W016,2025-06-30 15:58:27,2025-07-21,received,1314916.93,CNY
PO000458,SUP0144,W009,2025-10-12 14:39:26,2025-10-31,cancelled,957934.52,CNY
PO000459,SUP0076,W008,2026-02-11 09:49:52,2026-02-22,received,657923.28,CNY
PO000460,SUP0097,W003,2025-05-24 01:32:04,2025-06-10,received,427339.97,CNY
PO000461,SUP0082,W009,2026-03-01 19:09:58,2026-03-07,received,784126.95,CNY
PO000462,SUP0066,W012,2025-11-28 10:55:53,2025-12-15,received,711231.7,CNY
PO000463,SUP0133,W013,2026-04-18 21:55:17,2026-05-11,received,1287383.77,CNY
PO000464,SUP0035,W007,2025-09-27 04:35:27,2025-10-19,shipped,382667.52,CNY
PO000465,SUP0021,W009,2025-12-26 06:15:31,2026-01-15,approved,996285.09,CNY
PO000466,SUP0066,W011,2025-11-14 10:00:54,2025-11-20,received,857579.81,CNY
PO000467,SUP0007,W004,2025-10-07 22:44:56,2025-10-18,received,1284719.08,CNY
PO000468,SUP0046,W011,2025-08-07 05:29:57,2025-08-18,received,2151911.83,CNY
PO000469,SUP0027,W009,2025-07-24 09:52:52,2025-08-01,approved,990083.51,CNY
PO000470,SUP0005,W003,2025-04-25 12:16:03,2025-05-04,received,917532.9,CNY
PO000471,SUP0095,W008,2025-05-30 16:53:09,2025-06-21,received,1023508.58,CNY
PO000472,SUP0137,W010,2025-10-14 21:10:08,2025-11-01,received,1335211.54,CNY
PO000473,SUP0123,W012,2025-10-25 18:09:21,2025-11-06,created,1070524.75,CNY
PO000474,SUP0066,W006,2026-02-02 04:19:58,2026-02-08,received,2005207.26,CNY
PO000475,SUP0102,W012,2025-11-25 07:14:53,2025-12-11,received,387644.07,CNY
PO000476,SUP0010,W002,2026-02-04 02:56:56,2026-02-19,received,834254.96,CNY
PO000477,SUP0121,W016,2025-03-24 18:11:54,2025-04-08,received,802673.98,CNY
PO000478,SUP0031,W005,2025-11-10 10:47:59,2025-11-29,received,1668131.48,CNY
PO000479,SUP0135,W010,2025-06-11 01:14:05,2025-06-28,approved,1581952.37,CNY
PO000480,SUP0073,W006,2026-05-14 11:27:46,2026-06-02,received,1387855.35,CNY
PO000481,SUP0077,W006,2026-05-22 04:42:53,2026-06-05,shipped,754134.22,CNY
PO000482,SUP0143,W010,2026-03-01 15:14:17,2026-03-07,received,972112.62,CNY
PO000483,SUP0114,W005,2025-02-28 01:56:28,2025-03-05,received,810258.84,CNY
PO000484,SUP0085,W014,2025-10-18 01:38:44,2025-11-06,received,1831905.74,CNY
PO000485,SUP0093,W003,2025-06-13 10:17:51,2025-06-21,received,1098639.22,CNY
PO000486,SUP0123,W006,2026-03-02 12:28:39,2026-03-14,approved,1513521.74,CNY
PO000487,SUP0081,W014,2025-12-27 00:07:48,2026-01-20,shipped,1136973.13,CNY
PO000488,SUP0054,W004,2025-03-13 19:57:48,2025-04-02,received,1286448.35,CNY
PO000489,SUP0006,W010,2025-07-07 22:41:31,2025-07-12,received,273335.7,CNY
PO000490,SUP0028,W005,2025-12-04 01:32:09,2025-12-27,shipped,834939.07,CNY
PO000491,SUP0022,W001,2025-06-07 18:46:11,2025-06-13,received,1199161.45,CNY
PO000492,SUP0112,W011,2026-05-30 08:11:02,2026-06-04,received,1200892.21,CNY
PO000493,SUP0041,W001,2026-03-13 05:19:01,2026-03-22,cancelled,1280592.16,CNY
PO000494,SUP0104,W001,2025-06-21 08:22:28,2025-07-12,received,1258446.37,CNY
PO000495,SUP0133,W015,2025-09-05 06:04:51,2025-09-24,received,325837.35,CNY
PO000496,SUP0133,W005,2026-02-06 09:44:55,2026-02-23,received,691262.8,CNY
PO000497,SUP0102,W007,2025-08-25 08:14:33,2025-09-18,received,1613543.73,CNY
PO000498,SUP0119,W015,2025-01-06 20:27:40,2025-01-12,shipped,571037.65,CNY
PO000499,SUP0020,W008,2026-01-21 12:53:52,2026-02-05,approved,1157945.89,CNY
PO000500,SUP0142,W003,2025-07-24 09:48:06,2025-08-15,received,853229.21,CNY
PO000501,SUP0062,W013,2025-02-24 06:11:03,2025-03-01,received,810691.37,CNY
PO000502,SUP0033,W012,2025-02-12 00:08:06,2025-02-28,received,602724.74,CNY
PO000503,SUP0020,W006,2026-06-19 04:09:54,2026-07-13,received,377542.27,CNY
PO000504,SUP0003,W005,2025-03-10 23:55:42,2025-03-17,received,731711.03,CNY
PO000505,SUP0127,W003,2026-08-20 11:50:30,2026-09-03,received,332300.79,CNY
PO000506,SUP0131,W014,2025-02-28 18:24:15,2025-03-17,received,1326835.41,CNY
PO000507,SUP0054,W014,2025-11-08 19:16:11,2025-11-17,shipped,1270293.92,CNY
PO000508,SUP0099,W009,2025-10-15 18:58:58,2025-11-08,received,1081202.54,CNY
PO000509,SUP0012,W015,2025-06-18 00:17:51,2025-06-29,received,874981.68,CNY
PO000510,SUP0066,W012,2025-08-16 04:09:45,2025-09-03,received,594383.96,CNY
PO000511,SUP0015,W010,2026-04-01 23:59:18,2026-04-07,received,532258.74,CNY
PO000512,SUP0025,W001,2025-08-08 12:26:36,2025-08-25,received,951720.74,CNY
PO000513,SUP0091,W006,2026-06-28 06:47:33,2026-07-11,shipped,1990060.02,CNY
PO000514,SUP0088,W005,2025-02-04 19:53:07,2025-02-25,cancelled,710381.04,CNY
PO000515,SUP0148,W014,2025-05-16 06:18:32,2025-06-07,received,477296.85,CNY
PO000516,SUP0119,W007,2026-02-12 15:58:07,2026-02-17,received,421313.08,CNY
PO000517,SUP0067,W016,2025-09-21 07:39:56,2025-10-03,received,1112899.84,CNY
PO000518,SUP0054,W002,2025-10-29 01:00:21,2025-11-13,received,2029809.02,CNY
PO000519,SUP0026,W012,2025-09-19 12:58:49,2025-10-10,received,1031243.96,CNY
PO000520,SUP0098,W004,2026-01-27 23:40:45,2026-02-05,received,1786680.82,CNY
PO000521,SUP0148,W011,2026-02-14 23:49:53,2026-02-24,received,1044071.93,CNY
PO000522,SUP0094,W004,2026-06-26 04:07:23,2026-07-15,received,1251792.56,CNY
PO000523,SUP0084,W012,2025-10-25 06:21:48,2025-11-18,cancelled,345928.08,CNY
PO000524,SUP0129,W014,2026-04-21 16:24:30,2026-04-26,received,1199299.8,CNY
PO000525,SUP0145,W015,2025-10-07 03:47:16,2025-10-28,received,552466.34,CNY
PO000526,SUP0118,W016,2025-05-08 06:55:09,2025-05-16,received,1881324.66,CNY
PO000527,SUP0091,W006,2025-03-11 02:58:48,2025-04-01,received,847043.58,CNY
PO000528,SUP0073,W004,2025-04-25 01:13:10,2025-05-02,received,694432.24,CNY
PO000529,SUP0027,W008,2025-08-17 17:25:37,2025-09-06,received,1066726.65,CNY
PO000530,SUP0075,W002,2026-04-20 01:43:01,2026-05-08,received,1024653.28,CNY
PO000531,SUP0038,W008,2025-09-17 11:04:26,2025-09-25,received,672963.08,CNY
PO000532,SUP0120,W014,2025-01-22 18:40:32,2025-01-29,received,1398176.0,CNY
PO000533,SUP0026,W014,2026-01-21 09:24:39,2026-02-04,received,555606.97,CNY
PO000534,SUP0083,W006,2025-07-16 07:49:28,2025-08-06,received,466719.44,CNY
PO000535,SUP0073,W007,2025-03-03 14:00:10,2025-03-23,approved,743390.88,CNY
PO000536,SUP0011,W005,2026-01-01 10:54:16,2026-01-12,received,560097.33,CNY
PO000537,SUP0092,W007,2025-11-12 06:03:31,2025-11-20,created,716093.22,CNY
PO000538,SUP0021,W016,2025-03-21 20:52:51,2025-04-07,received,1586897.01,CNY
PO000539,SUP0004,W011,2025-01-23 10:40:03,2025-02-13,shipped,402389.61,CNY
PO000540,SUP0044,W006,2026-03-24 14:31:09,2026-03-31,received,791797.85,CNY
PO000541,SUP0103,W016,2025-06-01 23:20:13,2025-06-14,received,884170.15,CNY
PO000542,SUP0012,W005,2025-12-02 10:40:33,2025-12-23,received,1120523.72,CNY
PO000543,SUP0004,W004,2026-03-08 15:32:47,2026-03-21,approved,1295277.55,CNY
PO000544,SUP0130,W006,2025-01-22 07:30:49,2025-02-14,received,1358274.45,CNY
PO000545,SUP0132,W001,2025-12-06 07:43:50,2025-12-24,approved,774845.75,CNY
PO000546,SUP0095,W010,2026-06-04 00:58:50,2026-06-28,received,585888.35,CNY
PO000547,SUP0002,W014,2026-02-24 10:31:28,2026-03-01,received,1512741.68,CNY
PO000548,SUP0004,W012,2026-01-10 16:11:20,2026-01-17,shipped,908201.78,CNY
PO000549,SUP0124,W015,2026-04-04 19:29:44,2026-04-27,received,543025.61,CNY
PO000550,SUP0125,W009,2026-07-28 00:47:40,2026-08-15,received,1174440.7,CNY
PO000551,SUP0116,W015,2025-09-22 21:34:00,2025-10-05,received,1104666.86,CNY
PO000552,SUP0144,W011,2025-03-24 02:26:57,2025-04-07,received,1275998.71,CNY
PO000553,SUP0051,W004,2025-02-13 00:46:59,2025-03-04,received,1426361.3,CNY
PO000554,SUP0031,W013,2026-01-24 19:43:00,2026-02-09,received,1867574.35,CNY
PO000555,SUP0116,W001,2025-05-30 22:42:33,2025-06-22,received,705223.87,CNY
PO000556,SUP0012,W001,2025-04-28 22:15:48,2025-05-21,received,1309430.77,CNY
PO000557,SUP0032,W008,2026-08-05 13:27:15,2026-08-11,received,1042398.47,CNY
PO000558,SUP0116,W002,2025-08-08 13:19:50,2025-08-29,received,1066063.92,CNY
PO000559,SUP0023,W013,2025-01-21 03:00:50,2025-02-03,received,1253883.86,CNY
PO000560,SUP0033,W004,2025-02-23 02:25:32,2025-03-14,shipped,1192195.98,CNY
PO000561,SUP0125,W014,2026-04-07 08:20:58,2026-04-26,received,634065.8,CNY
PO000562,SUP0023,W006,2025-05-27 05:41:30,2025-06-20,received,1270430.27,CNY
PO000563,SUP0051,W011,2026-05-15 05:27:01,2026-05-31,received,886284.94,CNY
PO000564,SUP0149,W006,2025-05-25 19:55:41,2025-06-06,approved,589716.7,CNY
PO000565,SUP0091,W011,2025-07-09 20:23:23,2025-07-31,received,829433.89,CNY
PO000566,SUP0074,W006,2026-03-23 03:04:33,2026-04-11,received,757104.82,CNY
PO000567,SUP0014,W012,2025-02-11 14:08:41,2025-03-01,received,338979.94,CNY
PO000568,SUP0108,W009,2025-10-07 03:21:03,2025-10-22,received,692309.22,CNY
PO000569,SUP0101,W007,2025-10-05 09:27:14,2025-10-12,received,1151484.96,CNY
PO000570,SUP0116,W010,2026-08-18 17:28:55,2026-08-30,received,442955.3,CNY
PO000571,SUP0026,W005,2026-04-26 23:50:28,2026-05-11,received,642528.76,CNY
PO000572,SUP0062,W010,2025-09-15 04:22:47,2025-10-01,received,1652557.97,CNY
PO000573,SUP0013,W002,2026-06-02 08:02:43,2026-06-13,received,1251179.23,CNY
PO000574,SUP0011,W003,2026-08-03 18:18:48,2026-08-22,created,1053846.87,CNY
PO000575,SUP0119,W008,2025-10-31 04:42:00,2025-11-15,received,1022038.12,CNY
PO000576,SUP0115,W015,2026-05-07 13:13:18,2026-05-25,shipped,1044287.48,CNY
PO000577,SUP0105,W003,2026-08-12 08:36:54,2026-09-04,received,190517.7,CNY
PO000578,SUP0096,W015,2025-08-04 00:59:42,2025-08-20,received,1185181.22,CNY
PO000579,SUP0025,W003,2026-03-08 21:25:49,2026-03-22,received,1091693.14,CNY
PO000580,SUP0095,W010,2025-07-01 19:51:30,2025-07-16,received,764577.47,CNY
PO000581,SUP0044,W009,2025-10-05 06:13:14,2025-10-22,received,1799719.68,CNY
PO000582,SUP0146,W004,2025-02-23 13:30:24,2025-03-16,received,1539659.76,CNY
PO000583,SUP0103,W010,2025-06-16 14:30:13,2025-07-02,received,1472096.74,CNY
PO000584,SUP0037,W009,2025-06-02 19:09:27,2025-06-10,received,756582.08,CNY
PO000585,SUP0129,W014,2025-09-16 20:05:34,2025-09-24,shipped,1035996.84,CNY
PO000586,SUP0009,W012,2025-05-12 11:33:57,2025-05-18,received,857704.71,CNY
PO000587,SUP0048,W011,2025-04-01 19:52:22,2025-04-15,received,1038032.87,CNY
PO000588,SUP0057,W002,2026-02-24 12:38:53,2026-03-19,shipped,809923.36,CNY
PO000589,SUP0102,W015,2026-07-05 03:13:15,2026-07-23,received,1720858.19,CNY
PO000590,SUP0073,W004,2026-06-08 17:28:17,2026-06-30,received,1425715.75,CNY
PO000591,SUP0021,W009,2025-01-16 19:57:41,2025-02-07,received,1153172.52,CNY
PO000592,SUP0056,W010,2025-02-20 01:45:03,2025-03-12,received,1218533.0,CNY
PO000593,SUP0032,W011,2025-06-25 21:44:09,2025-07-16,received,1065170.55,CNY
PO000594,SUP0039,W012,2026-04-14 21:35:10,2026-05-04,received,1380136.1,CNY
PO000595,SUP0030,W002,2026-01-22 06:28:36,2026-02-03,received,840367.59,CNY
PO000596,SUP0054,W005,2026-03-21 11:03:32,2026-03-31,shipped,488392.28,CNY
PO000597,SUP0111,W006,2026-05-10 23:37:15,2026-05-15,approved,1467132.66,CNY
PO000598,SUP0123,W009,2026-06-23 03:43:22,2026-06-30,received,1232148.33,CNY
PO000599,SUP0029,W013,2025-02-11 00:43:56,2025-02-28,received,249510.1,CNY
PO000600,SUP0112,W015,2025-08-22 04:33:37,2025-08-31,received,1023077.98,CNY
PO000601,SUP0139,W004,2025-08-05 04:43:38,2025-08-22,received,703842.22,CNY
PO000602,SUP0134,W014,2025-04-05 06:58:54,2025-04-26,received,1142987.06,CNY
PO000603,SUP0083,W005,2026-03-19 13:37:35,2026-04-12,created,911268.15,CNY
PO000604,SUP0011,W016,2025-02-07 22:01:54,2025-02-12,received,309858.25,CNY
PO000605,SUP0034,W014,2026-03-09 02:37:32,2026-03-22,received,666049.23,CNY
PO000606,SUP0074,W002,2026-05-22 04:21:05,2026-06-04,received,427353.29,CNY
PO000607,SUP0057,W013,2025-01-23 03:59:35,2025-02-02,received,430917.52,CNY
PO000608,SUP0099,W006,2025-02-18 02:54:04,2025-03-09,received,1261906.11,CNY
PO000609,SUP0042,W014,2026-08-12 22:26:08,2026-08-24,received,801030.81,CNY
PO000610,SUP0105,W015,2026-04-14 21:37:00,2026-04-29,received,940184.68,CNY
PO000611,SUP0024,W005,2025-07-06 20:52:09,2025-07-22,received,831422.1,CNY
PO000612,SUP0051,W012,2026-08-09 05:45:29,2026-08-20,approved,1191083.8,CNY
PO000613,SUP0005,W012,2025-05-29 21:54:28,2025-06-03,received,650605.31,CNY
PO000614,SUP0093,W015,2025-07-25 12:30:48,2025-07-30,cancelled,802477.42,CNY
PO000615,SUP0057,W011,2025-09-02 03:43:43,2025-09-21,received,1484753.98,CNY
PO000616,SUP0074,W005,2026-07-13 15:20:08,2026-07-30,cancelled,1144767.94,CNY
PO000617,SUP0086,W001,2025-04-13 13:30:31,2025-05-06,received,1095301.76,CNY
PO000618,SUP0057,W012,2025-01-08 14:37:42,2025-01-21,received,930576.73,CNY
PO000619,SUP0070,W001,2026-05-15 15:47:17,2026-06-07,received,1065065.75,CNY
PO000620,SUP0116,W014,2025-03-26 11:34:45,2025-04-13,received,601234.77,CNY
PO000621,SUP0146,W015,2025-10-26 02:25:10,2025-10-31,received,1150696.23,CNY
PO000622,SUP0020,W012,2025-03-13 20:11:33,2025-03-23,received,541323.67,CNY
PO000623,SUP0139,W005,2025-02-18 14:06:21,2025-03-01,received,771283.81,CNY
PO000624,SUP0095,W007,2025-07-02 18:46:52,2025-07-16,received,1208562.95,CNY
PO000625,SUP0025,W009,2026-01-26 11:35:31,2026-02-15,received,698814.83,CNY
PO000626,SUP0127,W002,2026-06-18 16:57:10,2026-07-10,shipped,643110.99,CNY
PO000627,SUP0143,W003,2026-04-24 09:45:21,2026-05-12,shipped,974721.3,CNY
PO000628,SUP0047,W004,2025-11-24 10:38:54,2025-12-03,shipped,459540.1,CNY
PO000629,SUP0015,W002,2026-04-08 14:47:09,2026-04-26,received,766306.36,CNY
PO000630,SUP0045,W007,2025-05-04 12:31:30,2025-05-14,received,358260.28,CNY
PO000631,SUP0044,W015,2025-06-08 19:01:16,2025-06-27,received,728585.73,CNY
PO000632,SUP0101,W014,2025-06-21 14:21:39,2025-07-11,received,415171.92,CNY
PO000633,SUP0065,W007,2026-05-28 01:30:24,2026-06-09,received,892155.39,CNY
PO000634,SUP0116,W010,2026-08-02 10:29:21,2026-08-12,shipped,207702.39,CNY
PO000635,SUP0077,W001,2025-08-16 21:21:04,2025-08-26,received,447067.74,CNY
PO000636,SUP0032,W005,2026-08-03 11:00:30,2026-08-25,received,879332.5,CNY
PO000637,SUP0001,W014,2025-01-20 23:25:38,2025-01-31,approved,519056.89,CNY
PO000638,SUP0011,W016,2025-09-22 19:38:41,2025-10-03,received,485237.87,CNY
PO000639,SUP0132,W012,2026-01-02 21:16:16,2026-01-18,received,416946.08,CNY
PO000640,SUP0112,W009,2025-12-12 04:32:45,2026-01-03,created,927579.01,CNY
PO000641,SUP0035,W003,2025-07-23 18:12:40,2025-07-31,received,339856.78,CNY
PO000642,SUP0039,W015,2025-09-23 09:04:06,2025-10-10,shipped,889366.09,CNY
PO000643,SUP0121,W004,2025-06-03 07:22:00,2025-06-22,received,193628.42,CNY
PO000644,SUP0147,W005,2025-06-05 11:12:00,2025-06-15,received,215862.91,CNY
PO000645,SUP0035,W014,2025-06-13 13:16:58,2025-06-29,received,1276192.92,CNY
PO000646,SUP0003,W003,2026-02-07 12:13:31,2026-02-22,received,566246.68,CNY
PO000647,SUP0137,W010,2025-03-22 11:40:31,2025-04-14,received,1002443.86,CNY
PO000648,SUP0088,W002,2026-01-16 00:31:38,2026-02-04,received,1045342.65,CNY
PO000649,SUP0060,W016,2026-07-30 20:31:57,2026-08-12,received,177762.59,CNY
PO000650,SUP0032,W010,2025-06-22 06:22:48,2025-07-08,received,835450.54,CNY
PO000651,SUP0104,W011,2026-07-07 09:12:26,2026-07-15,received,748852.65,CNY
PO000652,SUP0040,W014,2025-03-17 16:22:33,2025-04-01,received,516428.99,CNY
PO000653,SUP0012,W008,2026-06-11 22:40:16,2026-07-03,cancelled,419557.57,CNY
PO000654,SUP0023,W003,2026-03-01 23:31:27,2026-03-19,shipped,470420.87,CNY
PO000655,SUP0041,W011,2026-04-02 14:41:25,2026-04-23,shipped,725138.98,CNY
PO000656,SUP0043,W004,2026-02-28 14:43:10,2026-03-18,received,552210.61,CNY
PO000657,SUP0052,W010,2025-09-29 23:01:25,2025-10-10,received,621405.25,CNY
PO000658,SUP0125,W012,2026-06-10 10:08:27,2026-06-16,created,1228627.33,CNY
PO000659,SUP0012,W014,2026-08-02 05:49:14,2026-08-07,created,1275232.27,CNY
PO000660,SUP0051,W013,2025-05-17 18:36:48,2025-06-05,received,1238877.08,CNY
PO000661,SUP0069,W009,2025-06-21 00:57:23,2025-06-28,approved,288266.6,CNY
PO000662,SUP0008,W013,2026-06-21 04:09:19,2026-07-15,received,782692.15,CNY
PO000663,SUP0112,W003,2025-10-03 04:16:12,2025-10-18,received,950952.44,CNY
PO000664,SUP0090,W011,2025-11-09 17:46:36,2025-11-26,received,491138.91,CNY
PO000665,SUP0071,W013,2026-03-11 02:03:40,2026-03-18,shipped,854921.09,CNY
PO000666,SUP0058,W002,2026-04-10 22:58:07,2026-04-18,received,1104454.18,CNY
PO000667,SUP0042,W007,2026-05-29 10:21:41,2026-06-16,received,549798.36,CNY
PO000668,SUP0120,W005,2025-12-21 07:46:47,2026-01-01,received,1629884.29,CNY
PO000669,SUP0107,W015,2026-04-01 01:39:42,2026-04-16,received,1087015.67,CNY
PO000670,SUP0043,W009,2026-02-13 03:16:37,2026-03-05,cancelled,1208358.39,CNY
PO000671,SUP0113,W006,2026-07-09 03:57:04,2026-07-21,received,1164771.61,CNY
PO000672,SUP0129,W007,2025-11-09 14:09:53,2025-11-17,received,826631.42,CNY
PO000673,SUP0072,W002,2025-11-08 00:59:11,2025-11-17,received,797864.74,CNY
PO000674,SUP0081,W007,2025-11-03 15:00:29,2025-11-14,cancelled,990017.79,CNY
PO000675,SUP0009,W016,2025-12-21 08:02:09,2026-01-02,received,1287547.86,CNY
PO000676,SUP0043,W002,2026-01-13 18:27:26,2026-01-25,received,297929.95,CNY
PO000677,SUP0052,W002,2026-07-31 19:25:44,2026-08-15,shipped,611210.5,CNY
PO000678,SUP0112,W006,2025-02-15 09:02:38,2025-02-23,shipped,600748.1,CNY
PO000679,SUP0002,W006,2025-10-29 09:59:43,2025-11-05,received,632199.36,CNY
PO000680,SUP0030,W016,2025-07-13 03:42:01,2025-07-30,shipped,560170.66,CNY
PO000681,SUP0138,W008,2025-04-16 17:28:53,2025-04-28,received,1670207.9,CNY
PO000682,SUP0098,W011,2026-02-08 21:45:09,2026-02-23,received,1094699.09,CNY
PO000683,SUP0136,W012,2026-07-22 01:59:00,2026-08-14,received,1590287.64,CNY
PO000684,SUP0129,W013,2026-07-18 19:54:07,2026-07-28,cancelled,1115395.66,CNY
PO000685,SUP0118,W012,2026-04-05 05:15:48,2026-04-19,received,540545.09,CNY
PO000686,SUP0029,W005,2026-02-04 00:05:38,2026-02-18,shipped,694314.54,CNY
PO000687,SUP0051,W011,2026-08-14 06:19:02,2026-08-31,received,579206.94,CNY
PO000688,SUP0013,W012,2025-10-07 10:55:37,2025-10-17,received,574896.72,CNY
PO000689,SUP0105,W010,2026-08-08 22:29:28,2026-08-26,received,454547.71,CNY
PO000690,SUP0049,W009,2025-11-24 01:11:36,2025-12-13,shipped,1095621.76,CNY
PO000691,SUP0033,W008,2026-04-14 08:02:37,2026-05-05,created,700113.32,CNY
PO000692,SUP0117,W010,2026-05-16 08:50:22,2026-06-03,received,897377.24,CNY
PO000693,SUP0054,W007,2025-10-25 20:55:46,2025-11-06,received,763738.08,CNY
PO000694,SUP0041,W005,2026-07-20 07:07:37,2026-07-31,received,695498.57,CNY
PO000695,SUP0136,W015,2025-08-30 13:05:47,2025-09-07,received,1608391.29,CNY
PO000696,SUP0022,W012,2025-12-18 21:38:52,2026-01-07,received,1281592.84,CNY
PO000697,SUP0041,W005,2025-08-03 10:04:52,2025-08-11,received,1194334.77,CNY
PO000698,SUP0050,W014,2025-08-11 14:05:16,2025-08-20,received,1606216.89,CNY
PO000699,SUP0108,W007,2025-05-13 20:50:34,2025-05-27,received,1444858.93,CNY
PO000700,SUP0059,W006,2025-12-23 23:17:05,2026-01-02,received,1174077.13,CNY
PO000701,SUP0032,W007,2025-07-08 12:02:41,2025-07-22,cancelled,1214445.94,CNY
PO000702,SUP0007,W007,2025-03-27 15:20:51,2025-04-04,received,1419768.68,CNY
PO000703,SUP0058,W004,2025-03-10 07:20:10,2025-03-21,received,343698.18,CNY
PO000704,SUP0134,W009,2026-07-15 00:57:25,2026-07-28,received,1012987.46,CNY
PO000705,SUP0017,W005,2026-06-03 00:16:36,2026-06-11,received,420271.43,CNY
PO000706,SUP0126,W008,2025-05-13 15:39:40,2025-05-22,received,358058.41,CNY
PO000707,SUP0068,W001,2025-11-29 17:10:13,2025-12-06,received,526560.24,CNY
PO000708,SUP0014,W011,2026-04-27 18:28:57,2026-05-05,received,624705.23,CNY
PO000709,SUP0056,W016,2025-02-22 23:30:39,2025-03-14,received,909706.15,CNY
PO000710,SUP0048,W014,2026-02-06 22:05:38,2026-02-11,received,429901.6,CNY
PO000711,SUP0085,W015,2025-03-16 23:38:04,2025-03-26,created,390847.27,CNY
PO000712,SUP0054,W012,2025-09-16 13:25:53,2025-10-05,shipped,673384.23,CNY
PO000713,SUP0048,W015,2025-05-05 08:20:48,2025-05-19,received,1136349.6,CNY
PO000714,SUP0056,W010,2026-03-26 00:25:26,2026-04-10,received,749931.32,CNY
PO000715,SUP0112,W003,2025-08-28 12:20:04,2025-09-06,received,574188.78,CNY
PO000716,SUP0036,W006,2025-01-17 11:05:02,2025-02-02,received,1200822.46,CNY
PO000717,SUP0142,W002,2025-10-19 18:03:35,2025-10-25,received,1518818.49,CNY
PO000718,SUP0127,W014,2026-04-02 22:02:01,2026-04-08,shipped,293353.57,CNY
PO000719,SUP0086,W011,2025-07-25 03:53:19,2025-08-11,received,1138940.71,CNY
PO000720,SUP0062,W014,2026-03-11 16:15:03,2026-03-31,received,767946.5,CNY
PO000721,SUP0139,W005,2026-07-18 05:23:05,2026-07-24,received,462622.77,CNY
PO000722,SUP0091,W001,2026-04-07 13:13:18,2026-04-21,shipped,1199654.02,CNY
PO000723,SUP0130,W006,2026-03-08 04:05:21,2026-03-31,received,841958.3,CNY
PO000724,SUP0037,W008,2026-07-25 20:48:37,2026-08-14,received,893263.11,CNY
PO000725,SUP0143,W010,2025-10-04 07:10:59,2025-10-11,received,1340751.36,CNY
PO000726,SUP0060,W015,2025-08-23 00:00:37,2025-09-14,received,1347951.49,CNY
PO000727,SUP0100,W016,2025-06-11 03:27:54,2025-06-21,received,274232.63,CNY
PO000728,SUP0013,W001,2025-05-28 09:32:58,2025-06-15,shipped,809037.5,CNY
PO000729,SUP0017,W011,2026-01-26 01:18:04,2026-02-19,cancelled,755059.13,CNY
PO000730,SUP0023,W016,2025-09-26 18:32:00,2025-10-02,received,937079.75,CNY
PO000731,SUP0022,W006,2026-04-11 07:23:17,2026-04-29,received,1093109.26,CNY
PO000732,SUP0059,W011,2025-06-24 14:05:29,2025-07-07,shipped,875690.96,CNY
PO000733,SUP0126,W013,2025-12-07 14:06:24,2025-12-17,approved,651414.93,CNY
PO000734,SUP0105,W004,2025-05-17 12:01:13,2025-05-25,received,639943.9,CNY
PO000735,SUP0089,W014,2025-06-21 23:11:52,2025-06-28,received,772747.13,CNY
PO000736,SUP0125,W009,2026-08-19 11:22:31,2026-08-27,received,757514.54,CNY
PO000737,SUP0015,W008,2025-02-19 14:20:41,2025-03-14,approved,362685.64,CNY
PO000738,SUP0085,W009,2025-09-23 14:23:54,2025-10-16,received,830342.04,CNY
PO000739,SUP0034,W002,2025-03-31 08:17:21,2025-04-10,received,1253327.92,CNY
PO000740,SUP0095,W014,2026-02-14 13:49:10,2026-03-02,received,1636883.66,CNY
PO000741,SUP0041,W015,2026-03-16 11:59:36,2026-03-29,received,648959.7,CNY
PO000742,SUP0031,W006,2025-11-21 23:41:12,2025-12-05,shipped,295728.56,CNY
PO000743,SUP0143,W016,2025-12-20 20:10:01,2026-01-01,received,676394.89,CNY
PO000744,SUP0118,W004,2026-03-17 02:08:26,2026-03-29,shipped,1315422.17,CNY
PO000745,SUP0090,W001,2025-03-24 14:45:47,2025-04-06,received,993541.55,CNY
PO000746,SUP0096,W001,2026-01-11 02:57:20,2026-01-28,received,1431578.51,CNY
PO000747,SUP0028,W008,2026-01-29 08:38:02,2026-02-06,received,747404.25,CNY
PO000748,SUP0069,W011,2026-01-10 03:25:59,2026-01-30,received,674115.12,CNY
PO000749,SUP0020,W013,2026-06-19 01:07:31,2026-06-24,approved,657559.64,CNY
PO000750,SUP0010,W015,2025-02-19 00:12:02,2025-02-27,received,1300077.39,CNY
PO000751,SUP0056,W009,2026-01-21 12:45:12,2026-01-29,shipped,465367.03,CNY
PO000752,SUP0138,W006,2025-08-17 20:06:44,2025-09-04,received,984557.17,CNY
PO000753,SUP0077,W006,2026-03-29 14:46:12,2026-04-06,received,676388.84,CNY
PO000754,SUP0144,W005,2026-06-28 01:18:04,2026-07-22,approved,143061.74,CNY
PO000755,SUP0150,W011,2025-10-07 11:44:05,2025-10-26,received,726394.0,CNY
PO000756,SUP0043,W016,2025-01-28 05:20:25,2025-02-06,received,538622.38,CNY
PO000757,SUP0002,W001,2026-03-16 18:45:14,2026-03-30,shipped,430009.88,CNY
PO000758,SUP0090,W012,2025-04-26 09:07:35,2025-05-13,created,858565.52,CNY
PO000759,SUP0120,W010,2025-03-10 07:36:02,2025-03-20,approved,496411.4,CNY
PO000760,SUP0042,W001,2025-07-06 16:34:08,2025-07-15,approved,344086.13,CNY
PO000761,SUP0110,W012,2025-06-17 10:47:28,2025-06-22,shipped,515668.01,CNY
PO000762,SUP0104,W011,2025-12-19 02:15:02,2026-01-12,received,879235.22,CNY
PO000763,SUP0112,W005,2025-01-08 02:23:35,2025-01-26,shipped,534882.73,CNY
PO000764,SUP0059,W015,2025-03-17 02:32:38,2025-04-04,received,843302.35,CNY
PO000765,SUP0009,W002,2025-11-21 10:24:08,2025-12-12,received,305855.54,CNY
PO000766,SUP0078,W015,2026-03-17 05:17:23,2026-03-29,received,518364.69,CNY
PO000767,SUP0023,W004,2026-05-05 01:51:21,2026-05-19,received,732376.34,CNY
PO000768,SUP0140,W011,2025-04-06 15:55:11,2025-04-24,received,838243.03,CNY
PO000769,SUP0114,W015,2025-05-13 09:03:39,2025-05-23,shipped,1073274.92,CNY
PO000770,SUP0058,W001,2026-04-17 09:33:08,2026-04-22,approved,1169894.7,CNY
PO000771,SUP0013,W009,2025-05-01 00:52:33,2025-05-07,received,624918.55,CNY
PO000772,SUP0017,W016,2025-05-31 04:18:00,2025-06-18,received,1299522.39,CNY
PO000773,SUP0072,W012,2026-08-04 22:56:50,2026-08-23,received,844680.06,CNY
PO000774,SUP0020,W010,2025-04-18 21:01:47,2025-04-26,received,881813.49,CNY
PO000775,SUP0069,W012,2026-06-05 01:12:42,2026-06-27,received,143847.42,CNY
PO000776,SUP0094,W012,2025-09-01 11:49:15,2025-09-14,received,583400.95,CNY
PO000777,SUP0001,W014,2025-09-29 10:15:08,2025-10-14,received,899967.45,CNY
PO000778,SUP0102,W012,2025-01-01 21:06:55,2025-01-07,received,217598.05,CNY
PO000779,SUP0145,W005,2025-04-04 10:44:55,2025-04-24,received,1049739.36,CNY
PO000780,SUP0056,W001,2025-04-30 21:07:47,2025-05-21,received,929112.45,CNY
PO000781,SUP0105,W014,2026-03-31 03:23:10,2026-04-10,received,745779.46,CNY
PO000782,SUP0123,W003,2025-05-06 20:55:46,2025-05-19,approved,1089658.36,CNY
PO000783,SUP0005,W002,2025-01-31 11:08:22,2025-02-18,received,334036.97,CNY
PO000784,SUP0061,W011,2026-02-08 15:34:40,2026-03-04,received,630196.13,CNY
PO000785,SUP0041,W012,2025-02-19 03:09:44,2025-03-13,received,823695.2,CNY
PO000786,SUP0072,W006,2025-04-29 00:48:32,2025-05-19,received,467164.64,CNY
PO000787,SUP0035,W007,2025-01-26 19:34:27,2025-01-31,received,557893.5,CNY
PO000788,SUP0078,W009,2026-02-25 04:15:39,2026-03-11,received,805052.76,CNY
PO000789,SUP0072,W007,2026-08-03 04:39:27,2026-08-12,received,1338275.54,CNY
PO000790,SUP0013,W012,2026-01-26 06:10:25,2026-02-02,received,487322.22,CNY
PO000791,SUP0083,W013,2025-06-18 11:51:49,2025-06-28,received,982887.36,CNY
PO000792,SUP0053,W007,2026-03-21 05:56:27,2026-04-12,received,148345.46,CNY
PO000793,SUP0109,W001,2025-09-05 06:53:16,2025-09-15,received,874001.49,CNY
PO000794,SUP0136,W011,2026-03-14 05:33:28,2026-04-06,received,930702.64,CNY
PO000795,SUP0081,W013,2025-07-14 05:23:37,2025-07-27,received,1189863.61,CNY
PO000796,SUP0116,W005,2026-06-16 07:47:25,2026-07-02,received,1095666.44,CNY
PO000797,SUP0084,W004,2025-11-07 06:48:22,2025-11-19,received,672384.86,CNY
PO000798,SUP0089,W016,2025-12-19 01:45:57,2025-12-30,received,95212.11,CNY
PO000799,SUP0027,W005,2026-04-28 17:31:41,2026-05-03,received,366702.39,CNY
PO000800,SUP0061,W005,2025-08-16 09:12:50,2025-08-29,received,1731668.65,CNY
