reply_id,review_id,store_id,reply_content,replied_at,reply_type
RVR0000001,RV00003935,S0030,已联系您协助处理,2026-02-08 18:50:19,manual
RVR0000002,RV00004020,S0049,感谢反馈，我们会持续改进,2025-08-30 18:39:40,manual
RVR0000003,RV00004074,S0042,感谢反馈，我们会持续改进,2026-02-12 12:09:59,manual
RVR0000004,RV00005964,S0031,祝您生活愉快,2026-01-08 16:31:48,manual
RVR0000005,RV00000381,S0017,祝您生活愉快,2026-04-14 21:35:04,manual
RVR0000006,RV00002833,S0074,祝您生活愉快,2025-09-30 00:26:26,manual
RVR0000007,RV00000498,S0008,感谢支持，期待再次光临,2026-03-14 14:32:21,template
RVR0000008,RV00003837,S0055,已联系您协助处理,2025-05-09 01:09:58,template
RVR0000009,RV00000285,S0022,已联系您协助处理,2025-05-19 19:07:11,template
RVR0000010,RV00002590,S0055,感谢反馈，我们会持续改进,2026-01-13 17:00:13,manual
RVR0000011,RV00004329,S0044,感谢反馈，我们会持续改进,2025-07-30 05:37:15,manual
RVR0000012,RV00003896,S0038,祝您生活愉快,2026-02-15 07:44:45,manual
RVR0000013,RV00004883,S0034,祝您生活愉快,2025-09-10 21:02:52,manual
RVR0000014,RV00004563,S0047,感谢支持，期待再次光临,2025-10-31 00:31:09,template
RVR0000015,RV00003010,S0009,感谢支持，期待再次光临,2026-03-07 21:29:59,template
RVR0000016,RV00003375,S0066,祝您生活愉快,2025-04-12 02:01:03,manual
RVR0000017,RV00000153,S0024,感谢反馈，我们会持续改进,2026-07-26 08:59:45,manual
RVR0000018,RV00004597,S0045,感谢支持，期待再次光临,2026-03-14 02:24:10,manual
RVR0000019,RV00000679,S0066,感谢支持，期待再次光临,2025-07-12 11:07:27,template
RVR0000020,RV00003297,S0066,感谢支持，期待再次光临,2025-01-05 23:16:30,manual
RVR0000021,RV00005391,S0064,感谢反馈，我们会持续改进,2026-01-15 00:07:22,manual
RVR0000022,RV00005023,S0033,感谢反馈，我们会持续改进,2026-05-04 21:47:54,manual
RVR0000023,RV00004212,S0026,已联系您协助处理,2025-10-08 15:28:25,manual
RVR0000024,RV00001933,S0041,感谢支持，期待再次光临,2025-04-06 18:15:03,template
RVR0000025,RV00001521,S0064,感谢反馈，我们会持续改进,2025-12-03 04:51:18,manual
RVR0000026,RV00004854,S0015,祝您生活愉快,2026-04-11 20:12:54,template
RVR0000027,RV00000476,S0010,感谢反馈，我们会持续改进,2025-04-22 13:24:18,template
RVR0000028,RV00001569,S0031,感谢反馈，我们会持续改进,2025-10-26 15:07:19,template
RVR0000029,RV00003689,S0057,感谢支持，期待再次光临,2025-09-07 20:17:00,template
RVR0000030,RV00002700,S0071,祝您生活愉快,2026-01-27 11:01:32,manual
RVR0000031,RV00002152,S0058,感谢支持，期待再次光临,2025-06-01 19:09:44,template
RVR0000032,RV00000203,S0040,已联系您协助处理,2026-08-12 10:41:03,manual
RVR0000033,RV00003368,S0077,祝您生活愉快,2026-03-31 19:31:48,manual
RVR0000034,RV00005627,S0043,感谢支持，期待再次光临,2025-07-09 06:45:06,template
RVR0000035,RV00005412,S0003,感谢支持，期待再次光临,2026-04-01 03:12:13,manual
RVR0000036,RV00005775,S0063,感谢反馈，我们会持续改进,2026-04-08 15:57:03,manual
RVR0000037,RV00001414,S0064,已联系您协助处理,2025-05-17 20:33:59,template
RVR0000038,RV00005899,S0068,祝您生活愉快,2025-02-03 16:52:33,manual
RVR0000039,RV00001928,S0028,祝您生活愉快,2025-04-11 09:21:47,template
RVR0000040,RV00001284,S0023,感谢反馈，我们会持续改进,2026-02-28 05:41:08,template
RVR0000041,RV00005419,S0021,已联系您协助处理,2025-03-27 20:27:40,manual
RVR0000042,RV00005450,S0001,感谢支持，期待再次光临,2025-09-04 14:15:01,manual
RVR0000043,RV00004417,S0032,感谢反馈，我们会持续改进,2025-05-21 13:59:10,manual
RVR0000044,RV00000908,S0036,感谢反馈，我们会持续改进,2026-05-22 08:41:01,manual
RVR0000045,RV00004479,S0050,感谢支持，期待再次光临,2025-06-09 20:58:09,template
RVR0000046,RV00005932,S0080,祝您生活愉快,2025-12-10 08:13:58,manual
RVR0000047,RV00003412,S0064,感谢反馈，我们会持续改进,2026-05-28 21:26:28,template
RVR0000048,RV00005244,S0068,感谢反馈，我们会持续改进,2025-02-03 18:52:33,manual
RVR0000049,RV00000385,S0059,感谢反馈，我们会持续改进,2025-05-21 07:43:31,manual
RVR0000050,RV00005134,S0038,感谢支持，期待再次光临,2025-10-20 10:37:09,manual
RVR0000051,RV00001563,S0051,感谢支持，期待再次光临,2025-09-25 20:54:07,manual
RVR0000052,RV00003325,S0068,已联系您协助处理,2025-11-17 20:47:56,template
RVR0000053,RV00003201,S0026,已联系您协助处理,2025-08-07 07:40:04,template
RVR0000054,RV00005467,S0043,感谢支持，期待再次光临,2025-03-02 16:58:43,template
RVR0000055,RV00003591,S0050,感谢反馈，我们会持续改进,2025-05-30 04:54:09,manual
RVR0000056,RV00005552,S0045,感谢反馈，我们会持续改进,2026-06-01 08:46:54,manual
RVR0000057,RV00002750,S0070,祝您生活愉快,2025-02-13 22:04:02,template
RVR0000058,RV00005403,S0030,感谢支持，期待再次光临,2025-11-22 06:15:28,template
RVR0000059,RV00003549,S0076,感谢支持，期待再次光临,2025-11-22 23:02:45,manual
RVR0000060,RV00003739,S0026,感谢支持，期待再次光临,2025-08-03 14:40:04,template
RVR0000061,RV00000400,S0024,祝您生活愉快,2026-09-12 12:12:55,manual
RVR0000062,RV00001408,S0073,已联系您协助处理,2025-10-07 11:46:58,manual
RVR0000063,RV00004083,S0010,感谢支持，期待再次光临,2025-10-23 11:39:38,template
RVR0000064,RV00001920,S0066,祝您生活愉快,2026-04-25 08:19:10,template
RVR0000065,RV00004263,S0073,已联系您协助处理,2025-05-10 11:05:15,manual
RVR0000066,RV00002161,S0071,感谢支持，期待再次光临,2025-05-29 00:17:28,manual
RVR0000067,RV00000490,S0051,感谢反馈，我们会持续改进,2025-12-09 11:09:35,manual
RVR0000068,RV00001816,S0038,感谢支持，期待再次光临,2025-05-09 06:31:55,manual
RVR0000069,RV00002832,S0053,感谢反馈，我们会持续改进,2026-05-17 07:41:53,manual
RVR0000070,RV00002149,S0016,感谢反馈，我们会持续改进,2025-08-01 14:13:38,template
RVR0000071,RV00001139,S0029,已联系您协助处理,2026-02-26 22:29:27,template
RVR0000072,RV00003566,S0019,祝您生活愉快,2025-06-20 13:24:09,template
RVR0000073,RV00000615,S0075,感谢支持，期待再次光临,2025-10-15 13:08:47,manual
RVR0000074,RV00001263,S0039,已联系您协助处理,2025-05-11 17:16:58,manual
RVR0000075,RV00001788,S0045,感谢反馈，我们会持续改进,2025-07-10 05:43:06,manual
RVR0000076,RV00000607,S0010,感谢反馈，我们会持续改进,2026-05-29 08:03:14,template
RVR0000077,RV00005329,S0027,感谢反馈，我们会持续改进,2025-10-09 00:24:38,template
RVR0000078,RV00003097,S0035,感谢支持，期待再次光临,2025-12-22 13:48:08,manual
RVR0000079,RV00001466,S0021,已联系您协助处理,2026-03-24 21:08:55,manual
RVR0000080,RV00001525,S0010,祝您生活愉快,2026-07-21 23:44:50,manual
RVR0000081,RV00004296,S0015,已联系您协助处理,2026-08-08 15:24:52,template
RVR0000082,RV00001471,S0074,已联系您协助处理,2025-05-20 07:58:47,template
RVR0000083,RV00004607,S0040,感谢反馈，我们会持续改进,2025-04-18 11:17:22,template
RVR0000084,RV00003865,S0070,感谢反馈，我们会持续改进,2025-07-02 22:39:58,template
RVR0000085,RV00003462,S0019,祝您生活愉快,2025-09-01 21:27:31,manual
RVR0000086,RV00001882,S0002,感谢反馈，我们会持续改进,2025-05-20 13:59:24,manual
RVR0000087,RV00004768,S0014,感谢反馈，我们会持续改进,2025-04-03 17:03:18,manual
RVR0000088,RV00000248,S0006,祝您生活愉快,2025-05-08 13:41:09,template
RVR0000089,RV00002324,S0035,感谢支持，期待再次光临,2026-08-07 17:41:22,template
RVR0000090,RV00005425,S0049,祝您生活愉快,2025-09-15 03:57:59,manual
RVR0000091,RV00000303,S0008,感谢支持，期待再次光临,2025-06-27 22:27:42,manual
RVR0000092,RV00003746,S0078,感谢支持，期待再次光临,2026-04-15 11:53:02,manual
RVR0000093,RV00001879,S0061,祝您生活愉快,2026-01-14 16:17:59,manual
RVR0000094,RV00003194,S0074,已联系您协助处理,2026-08-03 09:53:46,manual
RVR0000095,RV00005037,S0026,感谢反馈，我们会持续改进,2026-04-11 16:47:27,manual
RVR0000096,RV00001805,S0011,祝您生活愉快,2026-05-22 15:31:29,template
RVR0000097,RV00000878,S0052,感谢支持，期待再次光临,2025-10-27 19:22:51,manual
RVR0000098,RV00002629,S0028,感谢反馈，我们会持续改进,2026-06-30 22:01:08,manual
RVR0000099,RV00001715,S0053,感谢支持，期待再次光临,2026-04-29 15:59:56,manual
RVR0000100,RV00001562,S0053,感谢反馈，我们会持续改进,2025-05-17 15:43:12,manual
RVR0000101,RV00005058,S0045,已联系您协助处理,2026-05-24 18:06:01,template
RVR0000102,RV00003790,S0048,感谢反馈，我们会持续改进,2025-01-17 17:39:47,manual
RVR0000103,RV00004433,S0010,祝您生活愉快,2026-04-08 00:23:09,manual
RVR0000104,RV00002519,S0072,感谢支持，期待再次光临,2026-06-25 01:55:22,manual
RVR0000105,RV00005646,S0017,祝您生活愉快,2025-03-30 04:53:03,template
RVR0000106,RV00000639,S0065,感谢反馈，我们会持续改进,2025-12-06 06:14:29,manual
RVR0000107,RV00002336,S0018,祝您生活愉快,2026-05-22 13:31:29,template
RVR0000108,RV00003820,S0028,已联系您协助处理,2026-07-23 11:07:22,template
RVR0000109,RV00000057,S0012,已联系您协助处理,2025-05-29 17:36:07,template
RVR0000110,RV00001307,S0039,感谢反馈，我们会持续改进,2025-12-12 05:44:09,template
RVR0000111,RV00004739,S0009,感谢支持，期待再次光临,2026-03-09 17:50:32,template
RVR0000112,RV00000723,S0043,感谢支持，期待再次光临,2025-05-21 00:32:39,template
RVR0000113,RV00003582,S0059,祝您生活愉快,2025-06-12 16:34:46,manual
RVR0000114,RV00001486,S0020,祝您生活愉快,2025-10-13 09:59:25,manual
RVR0000115,RV00001416,S0010,感谢支持，期待再次光临,2025-06-19 04:20:47,manual
RVR0000116,RV00003869,S0003,感谢反馈，我们会持续改进,2025-08-26 07:29:11,manual
RVR0000117,RV00003634,S0059,已联系您协助处理,2025-08-07 21:32:32,manual
RVR0000118,RV00002299,S0027,感谢反馈，我们会持续改进,2025-03-25 00:13:33,manual
RVR0000119,RV00005066,S0075,感谢反馈，我们会持续改进,2025-04-20 22:39:02,manual
RVR0000120,RV00002002,S0017,祝您生活愉快,2026-08-26 22:10:26,template
RVR0000121,RV00004929,S0001,祝您生活愉快,2025-11-27 15:58:31,manual
RVR0000122,RV00003496,S0025,已联系您协助处理,2025-09-18 14:18:38,template
RVR0000123,RV00004728,S0058,感谢支持，期待再次光临,2025-01-30 09:34:16,template
RVR0000124,RV00005823,S0007,已联系您协助处理,2025-06-12 01:09:15,manual
RVR0000125,RV00000028,S0069,已联系您协助处理,2026-06-07 19:34:09,template
RVR0000126,RV00004326,S0038,感谢反馈，我们会持续改进,2025-07-28 09:31:22,manual
RVR0000127,RV00003676,S0017,祝您生活愉快,2025-10-21 04:54:08,manual
RVR0000128,RV00005588,S0078,感谢支持，期待再次光临,2025-10-07 14:54:39,template
RVR0000129,RV00003947,S0002,感谢支持，期待再次光临,2025-08-28 16:36:14,manual
RVR0000130,RV00002273,S0024,感谢反馈，我们会持续改进,2025-08-12 09:33:19,manual
RVR0000131,RV00001795,S0031,祝您生活愉快,2025-05-07 09:17:37,manual
RVR0000132,RV00004677,S0051,已联系您协助处理,2026-07-31 05:25:26,manual
RVR0000133,RV00001182,S0060,已联系您协助处理,2025-03-03 03:34:54,manual
RVR0000134,RV00004595,S0059,感谢反馈，我们会持续改进,2026-01-24 13:23:42,manual
RVR0000135,RV00002732,S0072,祝您生活愉快,2025-04-06 01:55:33,manual
RVR0000136,RV00003017,S0035,祝您生活愉快,2026-02-25 22:35:03,manual
RVR0000137,RV00001629,S0051,祝您生活愉快,2026-03-01 07:41:22,manual
RVR0000138,RV00005650,S0020,感谢支持，期待再次光临,2025-08-06 09:01:42,manual
RVR0000139,RV00004678,S0059,祝您生活愉快,2026-05-29 06:36:48,manual
RVR0000140,RV00003250,S0030,祝您生活愉快,2025-03-14 23:56:01,manual
RVR0000141,RV00005086,S0039,已联系您协助处理,2025-11-12 14:20:36,template
RVR0000142,RV00004655,S0068,祝您生活愉快,2025-08-07 09:06:48,manual
RVR0000143,RV00005276,S0073,已联系您协助处理,2025-12-15 01:31:57,template
RVR0000144,RV00001085,S0037,感谢反馈，我们会持续改进,2025-10-22 11:33:01,template
RVR0000145,RV00004614,S0030,感谢反馈，我们会持续改进,2025-10-24 15:38:05,manual
RVR0000146,RV00005760,S0047,感谢反馈，我们会持续改进,2025-07-01 05:04:18,template
RVR0000147,RV00001863,S0079,已联系您协助处理,2025-04-18 00:04:58,manual
RVR0000148,RV00003157,S0076,感谢支持，期待再次光临,2026-02-13 21:05:37,template
RVR0000149,RV00005342,S0033,感谢反馈，我们会持续改进,2025-09-08 03:19:15,template
RVR0000150,RV00005942,S0022,感谢支持，期待再次光临,2026-03-20 12:56:45,template
RVR0000151,RV00004797,S0020,祝您生活愉快,2026-07-01 06:21:25,template
RVR0000152,RV00002951,S0007,已联系您协助处理,2026-03-11 02:54:28,template
RVR0000153,RV00005332,S0032,感谢反馈，我们会持续改进,2025-03-13 14:53:41,manual
RVR0000154,RV00004370,S0040,祝您生活愉快,2026-06-07 03:49:18,template
RVR0000155,RV00001536,S0018,感谢反馈，我们会持续改进,2026-07-20 12:03:31,manual
RVR0000156,RV00004705,S0054,感谢反馈，我们会持续改进,2025-05-07 17:06:42,manual
RVR0000157,RV00000179,S0010,感谢支持，期待再次光临,2025-12-13 19:48:05,manual
RVR0000158,RV00002939,S0046,祝您生活愉快,2025-02-26 01:58:12,template
RVR0000159,RV00005831,S0019,感谢支持，期待再次光临,2026-01-18 13:09:48,template
RVR0000160,RV00003770,S0037,感谢支持，期待再次光临,2026-02-20 03:52:05,template
RVR0000161,RV00000892,S0072,感谢反馈，我们会持续改进,2025-05-27 21:49:37,manual
RVR0000162,RV00000556,S0024,感谢支持，期待再次光临,2025-10-02 21:54:29,manual
RVR0000163,RV00003188,S0045,祝您生活愉快,2025-12-17 06:59:25,manual
RVR0000164,RV00000171,S0036,感谢支持，期待再次光临,2026-02-21 02:27:52,template
RVR0000165,RV00001767,S0051,已联系您协助处理,2025-12-12 19:57:26,template
RVR0000166,RV00004646,S0007,祝您生活愉快,2026-06-12 03:34:47,template
RVR0000167,RV00004482,S0042,已联系您协助处理,2026-06-23 19:46:06,template
RVR0000168,RV00001211,S0048,感谢反馈，我们会持续改进,2026-01-31 21:43:44,template
RVR0000169,RV00003619,S0055,祝您生活愉快,2025-06-22 14:00:21,manual
RVR0000170,RV00004290,S0018,已联系您协助处理,2026-04-20 12:55:45,template
RVR0000171,RV00000640,S0045,已联系您协助处理,2025-07-13 18:58:12,manual
RVR0000172,RV00001040,S0059,感谢反馈，我们会持续改进,2025-12-12 06:19:19,template
RVR0000173,RV00000617,S0066,感谢支持，期待再次光临,2025-12-01 19:25:52,template
RVR0000174,RV00002948,S0045,祝您生活愉快,2025-12-10 15:49:52,template
RVR0000175,RV00003937,S0024,感谢支持，期待再次光临,2025-03-13 00:51:41,manual
RVR0000176,RV00005374,S0042,感谢反馈，我们会持续改进,2025-09-19 07:43:32,template
RVR0000177,RV00000055,S0059,感谢反馈，我们会持续改进,2025-10-02 10:21:04,manual
RVR0000178,RV00003336,S0065,已联系您协助处理,2025-11-04 17:40:48,manual
RVR0000179,RV00002977,S0063,祝您生活愉快,2026-08-11 05:05:16,manual
RVR0000180,RV00000151,S0064,祝您生活愉快,2025-11-21 20:50:49,manual
RVR0000181,RV00002039,S0021,祝您生活愉快,2025-06-17 21:33:24,manual
RVR0000182,RV00003901,S0065,感谢反馈，我们会持续改进,2025-09-18 16:27:54,manual
RVR0000183,RV00002443,S0008,祝您生活愉快,2026-07-17 07:03:59,template
RVR0000184,RV00003124,S0021,感谢反馈，我们会持续改进,2026-05-26 02:38:19,manual
RVR0000185,RV00004353,S0036,感谢反馈，我们会持续改进,2025-11-26 01:24:37,manual
RVR0000186,RV00001571,S0060,感谢反馈，我们会持续改进,2025-06-30 19:03:36,template
RVR0000187,RV00000465,S0028,感谢反馈，我们会持续改进,2025-06-21 11:08:23,manual
RVR0000188,RV00004068,S0007,感谢支持，期待再次光临,2025-08-23 19:16:20,template
RVR0000189,RV00004622,S0033,祝您生活愉快,2025-10-24 16:52:17,template
RVR0000190,RV00000772,S0007,祝您生活愉快,2025-09-22 01:11:15,manual
RVR0000191,RV00001306,S0039,感谢支持，期待再次光临,2025-09-26 06:18:36,manual
RVR0000192,RV00003845,S0001,已联系您协助处理,2026-05-11 05:13:07,template
RVR0000193,RV00001836,S0007,感谢反馈，我们会持续改进,2026-09-04 18:14:42,manual
RVR0000194,RV00000390,S0070,感谢支持，期待再次光临,2026-05-28 23:37:51,template
RVR0000195,RV00005375,S0035,感谢反馈，我们会持续改进,2026-03-01 11:29:16,template
RVR0000196,RV00002113,S0047,祝您生活愉快,2025-11-02 08:36:22,manual
RVR0000197,RV00002409,S0013,祝您生活愉快,2026-04-30 07:38:51,template
RVR0000198,RV00004472,S0030,祝您生活愉快,2025-07-05 01:44:56,manual
RVR0000199,RV00000364,S0009,感谢反馈，我们会持续改进,2025-11-04 12:28:36,template
RVR0000200,RV00004634,S0080,已联系您协助处理,2026-04-26 21:28:34,template
RVR0000201,RV00001751,S0064,祝您生活愉快,2025-10-04 18:56:27,manual
RVR0000202,RV00000117,S0033,已联系您协助处理,2025-08-11 01:23:00,template
RVR0000203,RV00004934,S0038,感谢支持，期待再次光临,2025-06-13 14:31:37,manual
RVR0000204,RV00003335,S0042,感谢支持，期待再次光临,2025-03-01 14:44:33,manual
RVR0000205,RV00003692,S0074,感谢反馈，我们会持续改进,2026-08-16 01:26:06,manual
RVR0000206,RV00001768,S0058,感谢反馈，我们会持续改进,2025-10-03 16:26:14,manual
RVR0000207,RV00003465,S0022,祝您生活愉快,2026-08-31 02:22:29,template
RVR0000208,RV00004342,S0004,感谢支持，期待再次光临,2026-05-04 19:41:04,manual
RVR0000209,RV00001740,S0046,祝您生活愉快,2026-05-27 23:01:37,manual
RVR0000210,RV00003141,S0020,已联系您协助处理,2025-11-19 09:02:04,manual
RVR0000211,RV00000008,S0064,感谢支持，期待再次光临,2026-04-05 20:34:41,manual
RVR0000212,RV00001506,S0057,感谢支持，期待再次光临,2026-01-08 18:40:37,template
RVR0000213,RV00004857,S0055,祝您生活愉快,2025-05-05 07:08:10,template
RVR0000214,RV00003842,S0076,祝您生活愉快,2026-01-31 03:53:10,manual
RVR0000215,RV00000740,S0049,感谢反馈，我们会持续改进,2025-07-06 09:44:50,template
RVR0000216,RV00004279,S0048,祝您生活愉快,2025-03-09 11:50:25,manual
RVR0000217,RV00002479,S0012,祝您生活愉快,2025-11-08 08:39:30,template
RVR0000218,RV00002125,S0075,祝您生活愉快,2026-02-23 23:10:43,manual
RVR0000219,RV00002334,S0073,感谢支持，期待再次光临,2025-05-04 18:50:07,manual
RVR0000220,RV00002552,S0050,感谢支持，期待再次光临,2026-06-25 18:59:30,manual
RVR0000221,RV00001654,S0052,祝您生活愉快,2025-04-21 13:27:11,manual
RVR0000222,RV00003921,S0080,已联系您协助处理,2026-06-21 11:19:40,manual
RVR0000223,RV00000735,S0011,感谢支持，期待再次光临,2026-06-04 03:18:54,template
RVR0000224,RV00003307,S0007,已联系您协助处理,2025-10-23 20:09:19,manual
RVR0000225,RV00003110,S0011,感谢支持，期待再次光临,2026-09-15 01:30:51,manual
RVR0000226,RV00005048,S0008,已联系您协助处理,2025-11-06 07:15:33,manual
RVR0000227,RV00005219,S0033,感谢反馈，我们会持续改进,2026-07-07 09:30:41,manual
RVR0000228,RV00004361,S0052,感谢反馈，我们会持续改进,2026-09-12 08:04:16,template
RVR0000229,RV00003075,S0052,感谢反馈，我们会持续改进,2025-10-13 12:53:47,manual
RVR0000230,RV00002165,S0006,已联系您协助处理,2026-01-05 03:15:25,manual
RVR0000231,RV00005707,S0053,已联系您协助处理,2026-07-04 18:45:45,template
RVR0000232,RV00001997,S0014,祝您生活愉快,2025-01-31 20:20:02,manual
RVR0000233,RV00001935,S0063,感谢支持，期待再次光临,2026-04-14 02:47:42,manual
RVR0000234,RV00002465,S0037,感谢支持，期待再次光临,2025-02-14 12:22:39,manual
RVR0000235,RV00004762,S0038,已联系您协助处理,2025-02-12 02:48:37,template
RVR0000236,RV00005504,S0063,祝您生活愉快,2025-02-26 12:15:19,template
RVR0000237,RV00000416,S0080,感谢反馈，我们会持续改进,2026-02-22 08:22:43,manual
RVR0000238,RV00003349,S0030,感谢支持，期待再次光临,2026-06-01 07:35:30,manual
RVR0000239,RV00001069,S0051,感谢支持，期待再次光临,2026-02-25 13:24:00,manual
RVR0000240,RV00004533,S0043,感谢反馈，我们会持续改进,2025-12-20 04:25:27,manual
RVR0000241,RV00004846,S0040,祝您生活愉快,2025-11-09 18:11:40,template
RVR0000242,RV00004307,S0070,已联系您协助处理,2026-07-06 17:36:45,manual
RVR0000243,RV00003265,S0004,已联系您协助处理,2026-04-06 07:23:34,manual
RVR0000244,RV00000439,S0012,已联系您协助处理,2026-06-25 14:18:11,template
RVR0000245,RV00003753,S0011,已联系您协助处理,2026-04-12 04:16:56,template
RVR0000246,RV00001891,S0045,祝您生活愉快,2026-01-29 15:56:22,template
RVR0000247,RV00001599,S0027,祝您生活愉快,2025-09-28 06:01:46,manual
RVR0000248,RV00002167,S0037,已联系您协助处理,2025-07-21 04:09:15,manual
RVR0000249,RV00000090,S0065,已联系您协助处理,2025-05-12 07:09:21,template
RVR0000250,RV00002217,S0074,感谢支持，期待再次光临,2025-03-10 21:28:23,manual
RVR0000251,RV00004660,S0068,感谢支持，期待再次光临,2026-07-01 20:27:10,manual
RVR0000252,RV00004855,S0008,感谢支持，期待再次光临,2025-02-16 18:54:15,manual
RVR0000253,RV00005774,S0053,已联系您协助处理,2025-07-27 19:07:17,manual
RVR0000254,RV00002924,S0079,感谢反馈，我们会持续改进,2025-11-30 01:13:11,manual
RVR0000255,RV00001708,S0046,感谢反馈，我们会持续改进,2025-06-27 04:55:17,manual
RVR0000256,RV00004914,S0070,感谢反馈，我们会持续改进,2026-01-27 16:55:38,manual
RVR0000257,RV00003589,S0035,已联系您协助处理,2026-02-27 11:07:35,manual
RVR0000258,RV00004862,S0007,已联系您协助处理,2026-02-20 21:59:21,manual
RVR0000259,RV00001752,S0008,感谢反馈，我们会持续改进,2026-05-29 13:38:26,manual
RVR0000260,RV00002615,S0028,祝您生活愉快,2026-03-05 20:37:59,manual
RVR0000261,RV00000294,S0048,已联系您协助处理,2025-09-20 03:32:05,manual
RVR0000262,RV00004243,S0008,感谢支持，期待再次光临,2025-09-13 01:10:47,manual
RVR0000263,RV00001983,S0076,感谢反馈，我们会持续改进,2026-02-16 05:39:56,template
RVR0000264,RV00005298,S0068,感谢反馈，我们会持续改进,2025-04-14 10:43:02,manual
RVR0000265,RV00003483,S0009,祝您生活愉快,2025-08-17 22:54:40,manual
RVR0000266,RV00004511,S0049,已联系您协助处理,2026-08-08 16:57:09,template
RVR0000267,RV00003009,S0029,已联系您协助处理,2025-02-20 01:18:35,manual
RVR0000268,RV00005655,S0041,已联系您协助处理,2025-12-27 03:18:25,manual
RVR0000269,RV00001386,S0055,已联系您协助处理,2026-02-28 15:29:38,template
RVR0000270,RV00005567,S0025,感谢反馈，我们会持续改进,2026-05-20 03:15:56,manual
RVR0000271,RV00001613,S0028,感谢反馈，我们会持续改进,2025-08-19 07:31:03,template
RVR0000272,RV00003585,S0055,祝您生活愉快,2026-03-03 04:32:28,manual
RVR0000273,RV00003592,S0062,感谢反馈，我们会持续改进,2025-11-26 23:00:43,template
RVR0000274,RV00002106,S0027,感谢反馈，我们会持续改进,2025-03-22 18:36:35,manual
RVR0000275,RV00005939,S0052,祝您生活愉快,2026-02-22 19:53:36,template
RVR0000276,RV00000450,S0027,感谢支持，期待再次光临,2026-08-09 07:29:51,template
RVR0000277,RV00000423,S0029,感谢反馈，我们会持续改进,2026-07-26 11:51:36,manual
RVR0000278,RV00001908,S0079,感谢支持，期待再次光临,2025-08-15 15:14:10,manual
RVR0000279,RV00001002,S0065,已联系您协助处理,2026-08-06 03:47:37,manual
RVR0000280,RV00000790,S0039,感谢支持，期待再次光临,2025-09-14 12:07:27,template
RVR0000281,RV00005744,S0068,感谢支持，期待再次光临,2025-11-03 16:05:54,manual
RVR0000282,RV00003971,S0072,感谢支持，期待再次光临,2025-03-07 02:38:36,manual
RVR0000283,RV00002418,S0059,感谢反馈，我们会持续改进,2026-07-05 20:49:49,template
RVR0000284,RV00005026,S0049,祝您生活愉快,2026-06-19 02:43:13,manual
RVR0000285,RV00000071,S0075,感谢支持，期待再次光临,2025-03-06 10:05:44,manual
RVR0000286,RV00003395,S0006,已联系您协助处理,2026-08-07 04:35:49,manual
RVR0000287,RV00002999,S0080,祝您生活愉快,2025-07-21 14:36:04,manual
RVR0000288,RV00001305,S0024,感谢支持，期待再次光临,2025-05-01 09:57:58,manual
RVR0000289,RV00000904,S0002,感谢反馈，我们会持续改进,2025-06-06 02:32:32,template
RVR0000290,RV00005795,S0078,已联系您协助处理,2025-01-23 19:27:01,manual
RVR0000291,RV00005919,S0040,感谢反馈，我们会持续改进,2025-02-25 17:28:29,manual
RVR0000292,RV00004321,S0011,已联系您协助处理,2026-01-25 08:39:51,template
RVR0000293,RV00005389,S0040,感谢反馈，我们会持续改进,2026-07-10 18:31:11,manual
RVR0000294,RV00001136,S0015,已联系您协助处理,2025-09-24 02:57:39,template
RVR0000295,RV00000789,S0071,祝您生活愉快,2025-05-12 15:06:59,template
RVR0000296,RV00005640,S0001,祝您生活愉快,2026-07-14 16:41:37,manual
RVR0000297,RV00000447,S0035,已联系您协助处理,2026-05-22 16:27:12,template
RVR0000298,RV00001446,S0017,感谢反馈，我们会持续改进,2025-08-30 15:26:39,manual
RVR0000299,RV00005479,S0068,感谢支持，期待再次光临,2025-02-06 12:31:06,manual
RVR0000300,RV00002562,S0038,感谢反馈，我们会持续改进,2025-03-04 16:16:40,manual
RVR0000301,RV00001118,S0062,已联系您协助处理,2026-02-27 05:30:20,template
RVR0000302,RV00000978,S0032,祝您生活愉快,2026-06-24 22:36:38,manual
RVR0000303,RV00001219,S0056,感谢反馈，我们会持续改进,2025-09-16 01:41:06,template
RVR0000304,RV00002931,S0065,感谢反馈，我们会持续改进,2025-04-28 16:59:09,manual
RVR0000305,RV00001150,S0004,祝您生活愉快,2025-02-19 13:16:03,manual
RVR0000306,RV00004109,S0039,感谢反馈，我们会持续改进,2025-07-20 02:50:00,manual
RVR0000307,RV00005477,S0002,感谢支持，期待再次光临,2025-10-24 03:10:04,manual
RVR0000308,RV00000359,S0025,感谢反馈，我们会持续改进,2025-12-21 02:29:03,manual
RVR0000309,RV00005739,S0073,感谢支持，期待再次光临,2025-09-02 09:03:30,manual
RVR0000310,RV00002843,S0051,已联系您协助处理,2025-06-19 04:00:13,manual
RVR0000311,RV00001591,S0045,感谢支持，期待再次光临,2025-09-28 04:54:10,manual
RVR0000312,RV00002848,S0052,已联系您协助处理,2026-08-29 12:34:10,template
RVR0000313,RV00004775,S0017,感谢反馈，我们会持续改进,2025-07-04 03:15:49,template
RVR0000314,RV00005677,S0025,祝您生活愉快,2026-02-13 00:57:44,manual
RVR0000315,RV00001199,S0073,感谢反馈，我们会持续改进,2026-03-15 01:39:31,manual
RVR0000316,RV00003994,S0076,感谢反馈，我们会持续改进,2025-09-19 12:33:33,manual
RVR0000317,RV00000555,S0065,祝您生活愉快,2026-05-21 08:16:04,manual
RVR0000318,RV00000025,S0014,祝您生活愉快,2026-07-10 07:39:12,template
RVR0000319,RV00000766,S0067,感谢支持，期待再次光临,2025-11-18 06:20:53,template
RVR0000320,RV00005311,S0053,感谢反馈，我们会持续改进,2025-03-31 08:38:14,template
RVR0000321,RV00005123,S0061,感谢支持，期待再次光临,2026-04-15 13:56:59,template
RVR0000322,RV00003614,S0023,感谢反馈，我们会持续改进,2026-07-19 04:25:48,manual
RVR0000323,RV00005429,S0066,感谢反馈，我们会持续改进,2026-03-01 14:23:36,template
RVR0000324,RV00002047,S0056,祝您生活愉快,2026-01-25 01:59:07,manual
RVR0000325,RV00001593,S0024,祝您生活愉快,2025-10-09 20:16:33,manual
RVR0000326,RV00000033,S0058,感谢反馈，我们会持续改进,2025-05-12 18:38:51,manual
RVR0000327,RV00003968,S0007,感谢支持，期待再次光临,2025-04-04 16:32:11,manual
RVR0000328,RV00001793,S0029,祝您生活愉快,2025-05-24 02:15:00,manual
RVR0000329,RV00000083,S0027,祝您生活愉快,2026-08-30 13:34:15,manual
RVR0000330,RV00002084,S0060,祝您生活愉快,2025-03-09 06:46:18,manual
RVR0000331,RV00003904,S0075,已联系您协助处理,2026-01-26 00:58:43,manual
RVR0000332,RV00001848,S0047,已联系您协助处理,2026-06-15 16:21:44,manual
RVR0000333,RV00003558,S0021,祝您生活愉快,2025-04-13 15:48:44,template
RVR0000334,RV00001912,S0043,感谢支持，期待再次光临,2026-06-22 22:00:09,template
RVR0000335,RV00001874,S0037,已联系您协助处理,2025-06-04 18:28:23,template
RVR0000336,RV00003514,S0076,已联系您协助处理,2025-08-30 09:44:35,manual
RVR0000337,RV00004436,S0036,感谢反馈，我们会持续改进,2025-03-30 17:23:09,manual
RVR0000338,RV00005264,S0070,祝您生活愉快,2026-08-31 05:37:21,manual
RVR0000339,RV00002511,S0054,已联系您协助处理,2026-08-11 15:00:33,template
RVR0000340,RV00004105,S0024,已联系您协助处理,2026-07-14 01:14:02,manual
RVR0000341,RV00002011,S0047,已联系您协助处理,2025-02-24 13:19:30,manual
RVR0000342,RV00003571,S0008,感谢支持，期待再次光临,2025-09-13 17:45:14,manual
RVR0000343,RV00004023,S0007,祝您生活愉快,2026-07-25 19:17:43,manual
RVR0000344,RV00003989,S0014,感谢反馈，我们会持续改进,2026-01-16 09:31:59,manual
RVR0000345,RV00002162,S0032,祝您生活愉快,2026-05-08 05:13:14,template
RVR0000346,RV00004674,S0044,感谢支持，期待再次光临,2026-06-08 12:00:15,manual
RVR0000347,RV00002764,S0058,感谢反馈，我们会持续改进,2025-08-13 22:30:17,manual
RVR0000348,RV00000561,S0013,感谢支持，期待再次光临,2025-12-22 11:12:05,manual
RVR0000349,RV00001637,S0012,感谢反馈，我们会持续改进,2025-02-07 06:33:19,manual
RVR0000350,RV00004182,S0048,感谢支持，期待再次光临,2026-08-26 00:14:53,manual
RVR0000351,RV00003359,S0020,感谢反馈，我们会持续改进,2025-08-19 16:23:36,template
RVR0000352,RV00005625,S0028,祝您生活愉快,2025-04-07 18:21:47,manual
RVR0000353,RV00003084,S0021,已联系您协助处理,2026-06-27 08:27:11,manual
RVR0000354,RV00005952,S0012,祝您生活愉快,2026-07-07 19:01:54,manual
RVR0000355,RV00004546,S0003,已联系您协助处理,2026-08-30 03:51:44,manual
RVR0000356,RV00001425,S0078,感谢支持，期待再次光临,2025-12-15 14:02:44,manual
RVR0000357,RV00005757,S0057,祝您生活愉快,2026-07-10 09:59:40,manual
RVR0000358,RV00004899,S0043,感谢反馈，我们会持续改进,2026-06-27 01:00:09,template
RVR0000359,RV00004801,S0016,感谢支持，期待再次光临,2025-11-02 11:43:38,template
RVR0000360,RV00005448,S0076,已联系您协助处理,2025-03-19 08:27:03,template
RVR0000361,RV00003523,S0001,感谢反馈，我们会持续改进,2026-05-15 04:15:21,template
RVR0000362,RV00003682,S0030,已联系您协助处理,2026-04-09 14:28:04,template
RVR0000363,RV00002216,S0072,已联系您协助处理,2025-11-11 20:49:17,template
RVR0000364,RV00000848,S0004,感谢支持，期待再次光临,2025-09-09 12:04:30,manual
RVR0000365,RV00005879,S0011,祝您生活愉快,2026-09-15 14:30:51,manual
RVR0000366,RV00005568,S0066,已联系您协助处理,2026-01-25 22:00:26,manual
RVR0000367,RV00001475,S0039,感谢反馈，我们会持续改进,2026-07-08 14:15:39,manual
RVR0000368,RV00000304,S0021,感谢支持，期待再次光临,2025-08-30 17:55:56,manual
RVR0000369,RV00003950,S0041,感谢支持，期待再次光临,2025-03-06 04:50:51,manual
RVR0000370,RV00004378,S0047,感谢支持，期待再次光临,2025-11-23 12:08:45,manual
RVR0000371,RV00002058,S0026,感谢支持，期待再次光临,2025-08-13 00:38:48,manual
RVR0000372,RV00003728,S0028,已联系您协助处理,2025-08-24 08:46:36,manual
RVR0000373,RV00000131,S0069,祝您生活愉快,2026-09-02 05:04:05,template
RVR0000374,RV00000804,S0058,祝您生活愉快,2025-05-25 16:56:49,manual
RVR0000375,RV00004407,S0030,祝您生活愉快,2025-09-05 23:12:30,template
RVR0000376,RV00002034,S0047,感谢支持，期待再次光临,2025-05-17 10:45:19,template
RVR0000377,RV00001287,S0041,已联系您协助处理,2026-04-25 02:39:38,template
RVR0000378,RV00002123,S0008,已联系您协助处理,2026-01-09 20:37:07,manual
RVR0000379,RV00004091,S0063,祝您生活愉快,2025-12-15 23:51:42,template
RVR0000380,RV00003001,S0060,感谢反馈，我们会持续改进,2025-02-23 06:25:24,template
RVR0000381,RV00004102,S0069,已联系您协助处理,2026-07-24 14:39:49,manual
RVR0000382,RV00002892,S0018,感谢反馈，我们会持续改进,2025-03-13 08:06:14,template
RVR0000383,RV00004776,S0060,已联系您协助处理,2026-01-13 00:34:20,manual
RVR0000384,RV00000797,S0047,感谢支持，期待再次光临,2025-08-28 17:37:42,manual
RVR0000385,RV00005098,S0059,已联系您协助处理,2026-06-30 04:06:35,manual
RVR0000386,RV00004096,S0033,感谢反馈，我们会持续改进,2026-01-18 13:28:57,manual
RVR0000387,RV00004955,S0065,感谢支持，期待再次光临,2025-05-12 13:38:30,manual
RVR0000388,RV00003834,S0016,已联系您协助处理,2025-12-29 09:01:36,template
RVR0000389,RV00005581,S0046,祝您生活愉快,2025-09-09 03:36:48,template
RVR0000390,RV00005958,S0051,已联系您协助处理,2025-12-21 14:11:56,manual
RVR0000391,RV00005076,S0053,已联系您协助处理,2025-10-12 05:57:03,manual
RVR0000392,RV00000234,S0066,祝您生活愉快,2026-07-28 13:48:14,manual
RVR0000393,RV00005927,S0068,已联系您协助处理,2026-08-03 00:43:04,manual
RVR0000394,RV00002783,S0072,感谢反馈，我们会持续改进,2025-02-09 19:36:08,manual
RVR0000395,RV00002922,S0032,感谢反馈，我们会持续改进,2025-04-10 11:51:51,manual
RVR0000396,RV00002612,S0048,已联系您协助处理,2025-09-26 07:32:05,manual
RVR0000397,RV00003300,S0053,感谢支持，期待再次光临,2025-10-07 16:21:05,template
RVR0000398,RV00002609,S0045,已联系您协助处理,2025-06-06 16:08:25,manual
RVR0000399,RV00005210,S0073,感谢反馈，我们会持续改进,2025-09-22 23:10:26,manual
RVR0000400,RV00003573,S0025,感谢支持，期待再次光临,2025-11-09 23:43:16,manual
RVR0000401,RV00001175,S0030,感谢反馈，我们会持续改进,2025-10-23 10:41:34,manual
RVR0000402,RV00002838,S0044,已联系您协助处理,2026-08-06 22:16:58,manual
RVR0000403,RV00005215,S0011,感谢支持，期待再次光临,2025-02-19 20:37:02,template
RVR0000404,RV00004188,S0073,感谢反馈，我们会持续改进,2026-08-16 12:29:54,template
RVR0000405,RV00000331,S0045,已联系您协助处理,2026-03-22 14:10:41,template
RVR0000406,RV00003510,S0046,感谢反馈，我们会持续改进,2025-06-27 17:36:53,template
RVR0000407,RV00003441,S0002,感谢反馈，我们会持续改进,2025-10-19 17:43:53,template
RVR0000408,RV00003112,S0073,祝您生活愉快,2026-06-27 06:16:57,template
RVR0000409,RV00001844,S0051,感谢支持，期待再次光临,2026-08-14 19:53:01,manual
RVR0000410,RV00003494,S0073,感谢支持，期待再次光临,2026-08-17 00:29:54,manual
RVR0000411,RV00000186,S0060,已联系您协助处理,2026-02-05 15:06:46,manual
RVR0000412,RV00004438,S0018,已联系您协助处理,2025-02-08 00:39:07,manual
RVR0000413,RV00005525,S0013,感谢支持，期待再次光临,2026-02-24 21:14:35,manual
RVR0000414,RV00001674,S0008,感谢支持，期待再次光临,2026-02-09 21:13:51,manual
RVR0000415,RV00004666,S0046,感谢支持，期待再次光临,2026-04-26 10:03:21,manual
RVR0000416,RV00001130,S0065,感谢反馈，我们会持续改进,2025-03-20 12:17:11,manual
RVR0000417,RV00000219,S0054,已联系您协助处理,2025-10-28 10:42:23,template
RVR0000418,RV00001106,S0041,感谢支持，期待再次光临,2025-07-24 05:52:26,manual
RVR0000419,RV00002516,S0050,已联系您协助处理,2026-02-03 05:08:25,template
RVR0000420,RV00002932,S0046,已联系您协助处理,2025-09-16 01:19:02,manual
RVR0000421,RV00000905,S0071,感谢支持，期待再次光临,2025-09-25 05:17:33,manual
RVR0000422,RV00003508,S0079,感谢反馈，我们会持续改进,2026-02-02 13:23:19,manual
RVR0000423,RV00001389,S0056,已联系您协助处理,2026-03-08 17:22:36,manual
RVR0000424,RV00000177,S0017,感谢反馈，我们会持续改进,2026-02-01 17:39:13,manual
RVR0000425,RV00001892,S0044,已联系您协助处理,2025-08-26 07:39:18,template
RVR0000426,RV00002222,S0057,祝您生活愉快,2026-06-22 18:42:41,template
RVR0000427,RV00001598,S0007,祝您生活愉快,2026-07-21 18:24:24,manual
RVR0000428,RV00005221,S0004,感谢反馈，我们会持续改进,2026-06-06 08:14:20,manual
RVR0000429,RV00004274,S0007,感谢反馈，我们会持续改进,2026-01-17 18:23:45,manual
RVR0000430,RV00002909,S0058,已联系您协助处理,2025-09-23 13:05:38,template
RVR0000431,RV00002534,S0013,感谢反馈，我们会持续改进,2025-09-13 23:18:48,manual
RVR0000432,RV00002668,S0056,感谢支持，期待再次光临,2025-04-10 03:02:33,manual
RVR0000433,RV00001558,S0031,感谢反馈，我们会持续改进,2025-05-17 06:30:03,manual
RVR0000434,RV00005643,S0014,已联系您协助处理,2025-04-20 15:23:48,template
RVR0000435,RV00002599,S0079,感谢反馈，我们会持续改进,2025-04-21 04:48:30,manual
RVR0000436,RV00001550,S0047,已联系您协助处理,2025-10-08 20:01:55,template
RVR0000437,RV00004001,S0073,已联系您协助处理,2026-03-31 20:09:48,manual
RVR0000438,RV00004262,S0007,感谢支持，期待再次光临,2025-10-22 16:04:03,template
RVR0000439,RV00004117,S0021,感谢反馈，我们会持续改进,2026-05-16 10:08:57,manual
RVR0000440,RV00001003,S0005,祝您生活愉快,2025-05-23 09:56:41,template
RVR0000441,RV00001335,S0037,祝您生活愉快,2025-01-15 20:37:07,template
RVR0000442,RV00001311,S0003,已联系您协助处理,2025-05-09 22:39:17,manual
RVR0000443,RV00002482,S0038,已联系您协助处理,2026-08-09 09:02:17,template
RVR0000444,RV00000722,S0039,感谢反馈，我们会持续改进,2025-06-16 12:31:42,manual
RVR0000445,RV00003186,S0021,祝您生活愉快,2025-08-22 06:28:07,manual
RVR0000446,RV00002098,S0015,祝您生活愉快,2026-03-14 01:46:49,template
RVR0000447,RV00005972,S0071,祝您生活愉快,2025-05-09 12:44:25,template
RVR0000448,RV00002083,S0004,感谢支持，期待再次光临,2025-05-02 16:28:11,manual
RVR0000449,RV00003897,S0031,已联系您协助处理,2026-03-14 05:06:48,manual
RVR0000450,RV00002825,S0067,感谢反馈，我们会持续改进,2026-06-10 01:20:31,manual
RVR0000451,RV00004910,S0009,祝您生活愉快,2025-08-21 12:55:07,manual
RVR0000452,RV00001541,S0079,感谢反馈，我们会持续改进,2026-03-04 22:35:42,manual
RVR0000453,RV00000388,S0042,已联系您协助处理,2026-06-07 02:26:15,manual
RVR0000454,RV00004550,S0062,感谢反馈，我们会持续改进,2026-08-25 10:09:09,manual
RVR0000455,RV00004181,S0077,感谢反馈，我们会持续改进,2025-09-09 07:41:44,template
RVR0000456,RV00003270,S0069,感谢支持，期待再次光临,2025-12-23 17:01:10,manual
RVR0000457,RV00004832,S0052,已联系您协助处理,2025-04-28 06:27:11,manual
RVR0000458,RV00002019,S0020,已联系您协助处理,2025-07-10 20:12:23,template
RVR0000459,RV00002546,S0069,感谢反馈，我们会持续改进,2025-04-24 19:27:40,manual
RVR0000460,RV00001858,S0032,祝您生活愉快,2025-06-11 22:44:27,manual
RVR0000461,RV00005637,S0024,感谢支持，期待再次光临,2026-04-19 14:38:51,manual
RVR0000462,RV00000881,S0072,已联系您协助处理,2025-11-27 13:55:24,manual
RVR0000463,RV00001924,S0077,已联系您协助处理,2026-06-23 07:35:04,template
RVR0000464,RV00003497,S0075,感谢支持，期待再次光临,2025-06-14 15:49:16,template
RVR0000465,RV00000169,S0072,祝您生活愉快,2025-03-31 08:53:56,manual
RVR0000466,RV00003081,S0072,感谢反馈，我们会持续改进,2025-05-19 20:49:37,manual
RVR0000467,RV00004304,S0033,已联系您协助处理,2025-12-02 07:09:25,template
RVR0000468,RV00004696,S0047,感谢支持，期待再次光临,2026-05-15 03:46:20,manual
RVR0000469,RV00002786,S0030,祝您生活愉快,2025-10-31 00:38:05,template
RVR0000470,RV00000414,S0004,感谢支持，期待再次光临,2025-04-26 03:33:46,template
RVR0000471,RV00005729,S0040,已联系您协助处理,2025-11-19 10:11:40,manual
RVR0000472,RV00001286,S0073,祝您生活愉快,2025-12-12 00:15:24,manual
RVR0000473,RV00005724,S0025,已联系您协助处理,2025-11-30 04:30:04,template
RVR0000474,RV00003670,S0023,已联系您协助处理,2026-04-03 16:42:58,template
RVR0000475,RV00002202,S0047,感谢支持，期待再次光临,2026-08-07 05:10:43,template
RVR0000476,RV00004171,S0032,感谢支持，期待再次光临,2025-05-16 05:30:24,manual
RVR0000477,RV00004860,S0007,祝您生活愉快,2025-06-15 14:09:15,manual
RVR0000478,RV00002136,S0078,感谢支持，期待再次光临,2025-08-03 19:04:20,manual
RVR0000479,RV00003534,S0058,祝您生活愉快,2026-02-19 11:01:35,manual
RVR0000480,RV00001026,S0023,感谢支持，期待再次光临,2025-12-03 19:50:22,template
RVR0000481,RV00003655,S0066,感谢支持，期待再次光临,2026-03-01 14:26:54,manual
RVR0000482,RV00004457,S0045,已联系您协助处理,2026-03-24 13:06:53,template
RVR0000483,RV00000413,S0013,祝您生活愉快,2025-09-06 15:46:48,manual
RVR0000484,RV00005589,S0068,已联系您协助处理,2025-10-22 06:10:52,template
RVR0000485,RV00005603,S0040,感谢反馈，我们会持续改进,2025-02-19 04:44:47,template
RVR0000486,RV00005903,S0018,感谢反馈，我们会持续改进,2025-04-16 07:34:51,manual
RVR0000487,RV00000829,S0049,感谢反馈，我们会持续改进,2026-01-13 12:37:38,manual
RVR0000488,RV00000758,S0040,感谢支持，期待再次光临,2026-05-12 15:17:01,manual
RVR0000489,RV00000461,S0068,感谢反馈，我们会持续改进,2025-06-02 00:08:40,manual
RVR0000490,RV00005527,S0027,感谢支持，期待再次光临,2025-11-08 16:43:11,manual
RVR0000491,RV00000026,S0010,感谢反馈，我们会持续改进,2026-08-20 02:26:06,manual
RVR0000492,RV00001959,S0045,感谢反馈，我们会持续改进,2026-07-26 09:07:28,manual
RVR0000493,RV00005891,S0002,感谢支持，期待再次光临,2026-06-23 17:08:43,manual
RVR0000494,RV00002722,S0033,已联系您协助处理,2025-06-29 18:08:29,template
RVR0000495,RV00004145,S0062,感谢反馈，我们会持续改进,2025-03-09 00:26:22,manual
RVR0000496,RV00001186,S0034,感谢反馈，我们会持续改进,2026-03-01 11:57:29,template
RVR0000497,RV00004248,S0011,祝您生活愉快,2026-03-28 19:57:38,manual
RVR0000498,RV00001921,S0018,祝您生活愉快,2025-07-18 02:56:08,manual
RVR0000499,RV00001572,S0027,感谢反馈，我们会持续改进,2026-03-09 23:44:52,manual
RVR0000500,RV00003394,S0017,祝您生活愉快,2026-05-04 19:35:25,template
RVR0000501,RV00001198,S0013,感谢支持，期待再次光临,2026-05-24 19:26:05,manual
RVR0000502,RV00005417,S0037,感谢支持，期待再次光临,2026-06-30 15:29:43,manual
RVR0000503,RV00003298,S0042,已联系您协助处理,2026-04-15 16:26:15,template
RVR0000504,RV00003271,S0046,感谢支持，期待再次光临,2026-03-23 19:18:28,manual
RVR0000505,RV00005382,S0065,祝您生活愉快,2026-02-12 02:57:52,manual
RVR0000506,RV00004521,S0069,祝您生活愉快,2025-05-16 15:04:07,manual
RVR0000507,RV00004138,S0027,感谢支持，期待再次光临,2025-11-30 14:58:23,manual
RVR0000508,RV00005093,S0001,感谢反馈，我们会持续改进,2025-04-26 06:09:54,manual
RVR0000509,RV00001666,S0009,感谢反馈，我们会持续改进,2026-02-04 20:33:17,manual
RVR0000510,RV00004089,S0007,已联系您协助处理,2026-07-06 11:12:06,manual
RVR0000511,RV00001403,S0007,已联系您协助处理,2026-01-22 06:05:06,manual
RVR0000512,RV00000040,S0024,感谢支持，期待再次光临,2025-07-03 05:35:42,template
RVR0000513,RV00001620,S0047,感谢支持，期待再次光临,2025-07-07 19:36:18,manual
RVR0000514,RV00004035,S0040,感谢支持，期待再次光临,2026-04-10 05:45:00,manual
RVR0000515,RV00000988,S0061,已联系您协助处理,2025-05-08 21:16:58,manual
RVR0000516,RV00001302,S0009,祝您生活愉快,2025-07-23 08:34:45,template
RVR0000517,RV00003954,S0066,已联系您协助处理,2025-03-22 21:13:01,manual
RVR0000518,RV00005981,S0020,感谢反馈，我们会持续改进,2025-08-31 13:14:49,template
RVR0000519,RV00001897,S0061,感谢支持，期待再次光临,2026-08-04 15:06:39,manual
RVR0000520,RV00003674,S0008,已联系您协助处理,2025-11-02 05:33:14,manual
RVR0000521,RV00001282,S0038,已联系您协助处理,2026-02-17 11:28:58,manual
RVR0000522,RV00003122,S0050,感谢支持，期待再次光临,2025-05-14 11:44:55,template
RVR0000523,RV00000280,S0067,感谢支持，期待再次光临,2026-08-16 07:22:15,manual
RVR0000524,RV00004410,S0019,感谢支持，期待再次光临,2025-10-31 22:05:17,template
RVR0000525,RV00002810,S0008,感谢反馈，我们会持续改进,2025-10-06 12:02:47,manual
RVR0000526,RV00005593,S0009,已联系您协助处理,2025-02-21 12:10:59,manual
RVR0000527,RV00002928,S0051,祝您生活愉快,2026-08-31 06:34:44,template
RVR0000528,RV00005696,S0006,祝您生活愉快,2026-04-16 15:52:55,template
RVR0000529,RV00003142,S0047,感谢支持，期待再次光临,2026-05-12 07:00:39,manual
RVR0000530,RV00001821,S0036,感谢支持，期待再次光临,2025-08-20 04:03:02,manual
RVR0000531,RV00003069,S0037,感谢反馈，我们会持续改进,2025-02-23 16:05:28,manual
RVR0000532,RV00003402,S0047,已联系您协助处理,2025-09-05 22:41:42,template
RVR0000533,RV00002755,S0070,祝您生活愉快,2025-05-31 20:24:47,manual
RVR0000534,RV00004971,S0017,感谢反馈，我们会持续改进,2026-03-12 04:03:03,template
RVR0000535,RV00001744,S0011,感谢反馈，我们会持续改进,2025-11-30 10:40:25,manual
RVR0000536,RV00003426,S0071,祝您生活愉快,2025-11-26 00:10:46,template
RVR0000537,RV00003864,S0058,感谢反馈，我们会持续改进,2026-08-14 10:38:38,template
RVR0000538,RV00005087,S0007,祝您生活愉快,2025-04-13 10:41:17,manual
RVR0000539,RV00001588,S0059,祝您生活愉快,2025-02-23 22:05:27,manual
RVR0000540,RV00002496,S0030,感谢支持，期待再次光临,2026-05-07 02:08:30,template
RVR0000541,RV00005305,S0029,已联系您协助处理,2025-04-21 07:46:22,manual
RVR0000542,RV00001747,S0019,感谢反馈，我们会持续改进,2026-08-13 18:24:25,template
RVR0000543,RV00004665,S0015,感谢反馈，我们会持续改进,2025-05-26 01:36:34,manual
RVR0000544,RV00004488,S0057,感谢支持，期待再次光临,2026-02-16 10:02:15,template
RVR0000545,RV00001719,S0033,感谢支持，期待再次光临,2026-04-21 05:03:06,manual
RVR0000546,RV00004879,S0060,祝您生活愉快,2026-05-18 11:40:11,manual
RVR0000547,RV00003645,S0076,感谢支持，期待再次光临,2025-09-11 00:33:33,manual
RVR0000548,RV00002463,S0045,感谢反馈，我们会持续改进,2026-02-13 01:49:51,manual
RVR0000549,RV00001114,S0005,感谢支持，期待再次光临,2026-06-08 02:11:44,manual
RVR0000550,RV00004467,S0037,祝您生活愉快,2026-09-05 22:55:43,manual
RVR0000551,RV00000980,S0072,祝您生活愉快,2025-10-08 02:44:23,manual
RVR0000552,RV00001852,S0053,已联系您协助处理,2026-01-31 18:28:33,manual
RVR0000553,RV00003049,S0027,祝您生活愉快,2025-06-30 14:43:36,manual
RVR0000554,RV00004761,S0064,感谢反馈，我们会持续改进,2026-06-14 19:44:52,manual
RVR0000555,RV00000369,S0026,已联系您协助处理,2025-04-03 02:21:17,manual
RVR0000556,RV00001380,S0004,已联系您协助处理,2025-03-02 01:35:48,manual
RVR0000557,RV00000638,S0080,感谢支持，期待再次光临,2025-09-26 07:50:30,manual
RVR0000558,RV00002945,S0063,感谢反馈，我们会持续改进,2025-01-31 21:03:46,manual
RVR0000559,RV00003841,S0013,感谢支持，期待再次光临,2026-02-10 17:55:47,manual
RVR0000560,RV00001976,S0049,已联系您协助处理,2026-01-12 07:33:39,manual
RVR0000561,RV00003446,S0071,感谢反馈，我们会持续改进,2025-06-28 17:35:12,manual
RVR0000562,RV00003799,S0020,已联系您协助处理,2026-04-07 06:06:20,manual
RVR0000563,RV00001038,S0003,感谢反馈，我们会持续改进,2025-02-22 10:11:42,manual
RVR0000564,RV00000406,S0070,感谢支持，期待再次光临,2025-02-15 13:29:54,manual
RVR0000565,RV00004411,S0044,祝您生活愉快,2025-07-31 10:52:17,template
RVR0000566,RV00003920,S0062,感谢支持，期待再次光临,2025-02-19 06:23:26,manual
RVR0000567,RV00004446,S0068,祝您生活愉快,2025-04-05 08:41:54,manual
RVR0000568,RV00003295,S0033,已联系您协助处理,2025-08-30 15:56:42,manual
RVR0000569,RV00005621,S0051,祝您生活愉快,2025-02-02 21:52:56,manual
RVR0000570,RV00000218,S0058,感谢支持，期待再次光临,2026-07-29 20:16:22,manual
RVR0000571,RV00000092,S0029,已联系您协助处理,2026-07-13 04:02:45,manual
RVR0000572,RV00004418,S0027,祝您生活愉快,2025-12-22 16:09:11,template
RVR0000573,RV00004318,S0021,感谢支持，期待再次光临,2025-05-28 06:44:18,manual
RVR0000574,RV00004340,S0071,感谢支持，期待再次光临,2026-02-27 23:54:21,manual
RVR0000575,RV00003220,S0009,感谢支持，期待再次光临,2026-01-25 16:47:19,manual
RVR0000576,RV00003672,S0008,祝您生活愉快,2025-03-24 20:26:49,manual
RVR0000577,RV00001700,S0029,感谢支持，期待再次光临,2025-10-05 07:17:14,manual
RVR0000578,RV00004888,S0050,祝您生活愉快,2025-07-08 07:19:52,template
RVR0000579,RV00005347,S0070,已联系您协助处理,2025-03-07 09:51:23,template
RVR0000580,RV00004587,S0009,已联系您协助处理,2026-07-25 08:14:11,manual
RVR0000581,RV00005090,S0021,祝您生活愉快,2025-10-15 01:44:43,template
RVR0000582,RV00002286,S0074,感谢反馈，我们会持续改进,2025-07-20 10:56:19,template
RVR0000583,RV00004009,S0001,感谢支持，期待再次光临,2026-04-23 16:04:34,manual
RVR0000584,RV00004539,S0003,已联系您协助处理,2025-04-24 20:18:44,template
RVR0000585,RV00002564,S0030,祝您生活愉快,2025-11-04 15:24:11,template
RVR0000586,RV00002634,S0072,感谢反馈，我们会持续改进,2026-01-14 00:15:23,manual
RVR0000587,RV00001473,S0056,感谢反馈，我们会持续改进,2026-04-18 01:43:52,template
RVR0000588,RV00002823,S0070,感谢支持，期待再次光临,2025-02-07 06:11:24,template
RVR0000589,RV00005745,S0005,已联系您协助处理,2025-07-24 17:09:02,manual
RVR0000590,RV00002513,S0028,已联系您协助处理,2025-03-06 13:44:58,manual
RVR0000591,RV00002196,S0046,祝您生活愉快,2025-03-01 12:24:02,template
RVR0000592,RV00002785,S0034,已联系您协助处理,2026-06-08 01:55:25,template
RVR0000593,RV00003031,S0019,感谢支持，期待再次光临,2025-08-01 03:28:55,template
RVR0000594,RV00000993,S0021,祝您生活愉快,2026-05-24 04:38:19,manual
RVR0000595,RV00000189,S0006,祝您生活愉快,2026-05-27 20:30:43,manual
RVR0000596,RV00001511,S0013,已联系您协助处理,2025-05-23 21:07:17,template
RVR0000597,RV00004398,S0010,感谢反馈，我们会持续改进,2025-04-01 13:17:43,template
RVR0000598,RV00002342,S0050,祝您生活愉快,2026-02-02 06:33:54,template
RVR0000599,RV00001559,S0010,祝您生活愉快,2026-08-21 04:47:22,manual
RVR0000600,RV00004942,S0041,感谢支持，期待再次光临,2025-03-16 20:30:27,template
RVR0000601,RV00003361,S0059,感谢反馈，我们会持续改进,2025-02-28 01:07:01,template
RVR0000602,RV00002716,S0051,祝您生活愉快,2025-10-07 06:20:27,manual
RVR0000603,RV00000486,S0043,感谢反馈，我们会持续改进,2025-03-26 00:48:38,manual
RVR0000604,RV00005296,S0047,感谢反馈，我们会持续改进,2026-05-17 08:40:17,template
RVR0000605,RV00004424,S0032,感谢支持，期待再次光临,2025-05-28 23:59:23,manual
RVR0000606,RV00002985,S0009,祝您生活愉快,2025-06-23 22:20:10,template
RVR0000607,RV00001922,S0050,感谢支持，期待再次光临,2026-02-02 02:14:32,manual
RVR0000608,RV00001365,S0066,感谢支持，期待再次光临,2026-08-17 22:30:58,manual
RVR0000609,RV00002109,S0004,感谢反馈，我们会持续改进,2025-08-31 07:59:11,manual
RVR0000610,RV00004502,S0014,祝您生活愉快,2025-08-21 02:47:09,template
RVR0000611,RV00004995,S0004,已联系您协助处理,2026-05-15 06:22:54,manual
RVR0000612,RV00001433,S0010,感谢支持，期待再次光临,2026-02-02 00:12:52,template
RVR0000613,RV00004512,S0056,已联系您协助处理,2026-02-07 09:18:56,manual
RVR0000614,RV00002121,S0052,感谢反馈，我们会持续改进,2025-05-14 23:37:34,manual
RVR0000615,RV00004635,S0076,已联系您协助处理,2025-11-27 01:45:48,manual
RVR0000616,RV00004221,S0072,感谢支持，期待再次光临,2026-04-07 03:25:36,manual
RVR0000617,RV00000472,S0068,已联系您协助处理,2026-07-30 04:43:04,manual
RVR0000618,RV00003114,S0034,祝您生活愉快,2026-02-18 23:20:51,template
RVR0000619,RV00003995,S0036,感谢反馈，我们会持续改进,2026-02-14 14:39:45,manual
RVR0000620,RV00004880,S0042,祝您生活愉快,2025-01-17 14:26:07,manual
RVR0000621,RV00003458,S0052,已联系您协助处理,2026-01-06 18:35:35,template
RVR0000622,RV00005984,S0021,已联系您协助处理,2026-03-15 11:50:04,manual
RVR0000623,RV00000386,S0014,已联系您协助处理,2025-10-28 08:42:28,manual
RVR0000624,RV00002530,S0027,感谢支持，期待再次光临,2026-03-24 18:46:43,manual
RVR0000625,RV00002038,S0018,感谢支持，期待再次光临,2026-06-26 20:56:39,manual
RVR0000626,RV00004933,S0040,祝您生活愉快,2026-07-03 11:42:20,template
RVR0000627,RV00000070,S0034,已联系您协助处理,2025-06-12 08:46:06,manual
RVR0000628,RV00005822,S0001,感谢反馈，我们会持续改进,2025-10-16 17:14:41,manual
RVR0000629,RV00000046,S0021,祝您生活愉快,2025-08-30 02:55:56,manual
RVR0000630,RV00003980,S0061,感谢反馈，我们会持续改进,2025-01-30 15:11:34,manual
RVR0000631,RV00005547,S0042,已联系您协助处理,2026-08-06 03:19:23,manual
RVR0000632,RV00002348,S0064,祝您生活愉快,2026-06-23 13:12:00,manual
RVR0000633,RV00004431,S0050,感谢支持，期待再次光临,2025-03-11 18:46:58,template
RVR0000634,RV00004137,S0024,感谢支持，期待再次光临,2025-06-29 01:03:08,manual
RVR0000635,RV00005072,S0048,感谢反馈，我们会持续改进,2025-04-23 22:16:02,template
RVR0000636,RV00004953,S0004,感谢反馈，我们会持续改进,2026-06-04 07:21:58,template
RVR0000637,RV00000864,S0049,感谢支持，期待再次光临,2025-03-21 17:23:39,template
RVR0000638,RV00003092,S0071,感谢支持，期待再次光临,2026-04-02 00:59:47,manual
RVR0000639,RV00001203,S0050,已联系您协助处理,2025-03-02 07:16:39,manual
RVR0000640,RV00001201,S0005,已联系您协助处理,2026-07-19 10:09:10,manual
RVR0000641,RV00005546,S0009,已联系您协助处理,2026-04-02 00:09:56,manual
RVR0000642,RV00000981,S0015,祝您生活愉快,2026-03-20 17:50:44,manual
RVR0000643,RV00004495,S0044,已联系您协助处理,2026-03-05 13:22:16,template
RVR0000644,RV00005200,S0021,感谢支持，期待再次光临,2026-07-18 17:36:44,manual
RVR0000645,RV00003026,S0001,感谢反馈，我们会持续改进,2025-08-17 02:06:09,template
RVR0000646,RV00005118,S0052,感谢支持，期待再次光临,2026-09-16 04:21:20,manual
RVR0000647,RV00001314,S0013,感谢支持，期待再次光临,2025-04-04 00:42:00,template
RVR0000648,RV00002358,S0010,祝您生活愉快,2025-03-15 19:17:43,manual
RVR0000649,RV00001749,S0020,感谢支持，期待再次光临,2025-12-27 10:01:42,manual
RVR0000650,RV00003168,S0013,祝您生活愉快,2026-05-07 05:25:26,manual
RVR0000651,RV00004151,S0066,已联系您协助处理,2026-03-01 12:11:04,template
RVR0000652,RV00002090,S0024,感谢反馈，我们会持续改进,2026-06-06 10:43:45,manual
RVR0000653,RV00003459,S0074,感谢反馈，我们会持续改进,2026-08-17 10:00:28,manual
RVR0000654,RV00004687,S0014,感谢反馈，我们会持续改进,2025-02-07 20:46:32,manual
RVR0000655,RV00002467,S0014,已联系您协助处理,2025-08-27 14:07:51,manual
RVR0000656,RV00001283,S0031,感谢反馈，我们会持续改进,2025-11-25 08:31:35,manual
RVR0000657,RV00001518,S0012,感谢支持，期待再次光临,2025-07-31 20:35:47,template
RVR0000658,RV00004722,S0058,已联系您协助处理,2026-06-02 09:29:53,template
RVR0000659,RV00000594,S0011,感谢反馈，我们会持续改进,2025-07-19 04:57:32,template
RVR0000660,RV00005104,S0071,感谢反馈，我们会持续改进,2026-05-09 22:17:15,template
RVR0000661,RV00002742,S0040,感谢反馈，我们会持续改进,2026-01-25 18:26:53,manual
RVR0000662,RV00005623,S0023,已联系您协助处理,2026-06-06 05:30:58,manual
RVR0000663,RV00004054,S0008,祝您生活愉快,2026-04-21 00:17:04,manual
RVR0000664,RV00002117,S0022,祝您生活愉快,2026-01-12 03:10:52,template
RVR0000665,RV00000342,S0009,感谢反馈，我们会持续改进,2025-07-20 21:08:06,manual
RVR0000666,RV00003291,S0073,感谢支持，期待再次光临,2025-09-18 17:17:24,template
RVR0000667,RV00004133,S0007,祝您生活愉快,2025-12-26 04:23:03,manual
RVR0000668,RV00005653,S0008,祝您生活愉快,2025-07-01 12:26:08,manual
RVR0000669,RV00001965,S0049,祝您生活愉快,2026-06-08 22:13:57,manual
RVR0000670,RV00005529,S0047,祝您生活愉快,2026-07-16 09:30:48,template
RVR0000671,RV00001268,S0066,感谢反馈，我们会持续改进,2025-05-19 03:51:18,manual
RVR0000672,RV00004938,S0046,感谢反馈，我们会持续改进,2025-06-05 16:31:48,template
RVR0000673,RV00004229,S0021,已联系您协助处理,2025-11-20 03:40:10,template
RVR0000674,RV00003007,S0038,祝您生活愉快,2026-03-05 23:32:39,template
RVR0000675,RV00005115,S0078,已联系您协助处理,2025-03-05 23:00:07,template
RVR0000676,RV00002251,S0008,祝您生活愉快,2025-05-02 23:33:10,template
RVR0000677,RV00002154,S0019,感谢支持，期待再次光临,2025-10-07 02:35:52,template
RVR0000678,RV00004462,S0074,感谢反馈，我们会持续改进,2025-07-29 04:38:45,template
RVR0000679,RV00004736,S0010,已联系您协助处理,2026-01-17 19:01:57,template
RVR0000680,RV00002470,S0043,感谢支持，期待再次光临,2026-05-12 14:38:00,manual
RVR0000681,RV00003830,S0049,感谢反馈，我们会持续改进,2026-08-17 06:42:49,template
RVR0000682,RV00003910,S0068,已联系您协助处理,2026-03-17 10:02:23,template
RVR0000683,RV00005377,S0055,祝您生活愉快,2026-02-05 15:42:22,manual
RVR0000684,RV00003095,S0078,感谢支持，期待再次光临,2025-01-24 13:27:01,template
RVR0000685,RV00000567,S0029,感谢支持，期待再次光临,2026-01-23 16:08:54,manual
RVR0000686,RV00002421,S0050,已联系您协助处理,2025-10-20 22:57:05,manual
RVR0000687,RV00004719,S0080,祝您生活愉快,2026-02-10 16:47:09,manual
RVR0000688,RV00003711,S0054,感谢反馈，我们会持续改进,2025-09-04 13:58:46,manual
RVR0000689,RV00005269,S0026,祝您生活愉快,2026-01-23 20:55:48,manual
RVR0000690,RV00001356,S0012,感谢支持，期待再次光临,2025-02-07 23:45:56,manual
RVR0000691,RV00002189,S0002,祝您生活愉快,2026-02-27 18:54:20,template
RVR0000692,RV00001926,S0065,已联系您协助处理,2025-07-22 02:34:43,template
RVR0000693,RV00003541,S0074,感谢支持，期待再次光临,2025-03-15 22:50:35,manual
RVR0000694,RV00002859,S0077,已联系您协助处理,2025-10-09 14:00:32,manual
RVR0000695,RV00002518,S0065,祝您生活愉快,2025-09-21 20:08:31,manual
RVR0000696,RV00003193,S0031,感谢支持，期待再次光临,2025-09-29 19:00:31,manual
RVR0000697,RV00002975,S0057,感谢反馈，我们会持续改进,2026-09-02 19:15:23,template
RVR0000698,RV00000708,S0079,感谢反馈，我们会持续改进,2025-09-12 20:42:34,manual
RVR0000699,RV00005824,S0013,感谢支持，期待再次光临,2025-03-29 07:07:48,manual
RVR0000700,RV00005820,S0057,感谢支持，期待再次光临,2025-09-03 02:01:16,manual
RVR0000701,RV00000592,S0013,祝您生活愉快,2025-07-06 03:50:26,manual
RVR0000702,RV00003877,S0029,感谢反馈，我们会持续改进,2026-06-01 05:46:52,manual
RVR0000703,RV00000832,S0002,感谢支持，期待再次光临,2025-11-08 09:10:47,manual
RVR0000704,RV00000463,S0079,感谢反馈，我们会持续改进,2026-04-19 17:25:34,manual
RVR0000705,RV00002840,S0043,感谢支持，期待再次光临,2025-08-12 09:55:01,manual
RVR0000706,RV00004657,S0076,已联系您协助处理,2025-02-18 02:58:36,template
RVR0000707,RV00002232,S0050,感谢反馈，我们会持续改进,2025-02-09 20:16:39,template
RVR0000708,RV00005670,S0021,祝您生活愉快,2025-10-17 21:37:20,template
RVR0000709,RV00005167,S0033,感谢支持，期待再次光临,2025-10-28 03:51:38,manual
RVR0000710,RV00001277,S0056,感谢支持，期待再次光临,2026-05-19 11:01:01,manual
RVR0000711,RV00004912,S0056,感谢反馈，我们会持续改进,2025-01-24 00:54:36,manual
RVR0000712,RV00005758,S0023,祝您生活愉快,2025-04-17 11:34:54,manual
RVR0000713,RV00005659,S0035,感谢反馈，我们会持续改进,2026-01-21 10:34:37,manual
RVR0000714,RV00004513,S0059,已联系您协助处理,2025-03-05 12:24:58,manual
RVR0000715,RV00002291,S0064,感谢支持，期待再次光临,2026-09-17 09:25:42,template
RVR0000716,RV00001117,S0002,已联系您协助处理,2025-11-09 19:55:48,manual
RVR0000717,RV00001824,S0047,感谢反馈，我们会持续改进,2025-07-15 02:08:41,template
RVR0000718,RV00000781,S0057,已联系您协助处理,2025-04-11 02:58:49,template
RVR0000719,RV00001512,S0023,祝您生活愉快,2026-02-14 19:45:26,template
RVR0000720,RV00002175,S0071,已联系您协助处理,2026-02-09 14:56:10,manual
RVR0000721,RV00005555,S0066,感谢反馈，我们会持续改进,2025-08-12 00:06:58,manual
RVR0000722,RV00005995,S0046,感谢支持，期待再次光临,2025-02-26 08:03:31,template
RVR0000723,RV00002274,S0078,感谢支持，期待再次光临,2026-07-04 11:36:46,template
RVR0000724,RV00000786,S0024,已联系您协助处理,2026-08-21 21:00:40,manual
RVR0000725,RV00005077,S0017,感谢反馈，我们会持续改进,2026-09-03 22:10:26,manual
RVR0000726,RV00000495,S0059,祝您生活愉快,2026-07-13 14:23:34,template
RVR0000727,RV00003540,S0049,祝您生活愉快,2026-08-04 08:51:25,manual
RVR0000728,RV00002405,S0079,已联系您协助处理,2026-04-03 08:34:43,manual
RVR0000729,RV00005801,S0027,已联系您协助处理,2025-03-10 02:36:35,manual
RVR0000730,RV00002503,S0021,已联系您协助处理,2025-06-03 06:51:58,template
RVR0000731,RV00002245,S0028,祝您生活愉快,2025-11-05 13:57:49,template
RVR0000732,RV00001370,S0009,祝您生活愉快,2026-02-24 14:03:29,manual
RVR0000733,RV00004426,S0080,感谢反馈，我们会持续改进,2025-04-15 14:29:32,manual
RVR0000734,RV00004814,S0069,感谢反馈，我们会持续改进,2026-03-02 03:00:15,manual
RVR0000735,RV00002172,S0055,已联系您协助处理,2025-10-17 22:52:22,manual
RVR0000736,RV00000853,S0050,感谢支持，期待再次光临,2026-05-29 00:27:50,manual
RVR0000737,RV00005556,S0044,感谢支持，期待再次光临,2025-11-13 03:28:01,manual
RVR0000738,RV00002734,S0002,感谢反馈，我们会持续改进,2025-10-23 15:10:47,template
RVR0000739,RV00004580,S0072,感谢支持，期待再次光临,2025-04-17 14:06:02,template
RVR0000740,RV00001432,S0053,祝您生活愉快,2026-04-30 05:59:56,manual
RVR0000741,RV00003703,S0056,感谢反馈，我们会持续改进,2026-02-11 05:18:56,manual
RVR0000742,RV00005388,S0011,祝您生活愉快,2026-06-17 19:18:54,manual
RVR0000743,RV00005351,S0030,感谢支持，期待再次光临,2025-11-07 02:18:17,template
RVR0000744,RV00004419,S0053,感谢反馈，我们会持续改进,2026-07-13 21:48:22,manual
RVR0000745,RV00005680,S0018,感谢反馈，我们会持续改进,2026-05-21 04:45:19,template
RVR0000746,RV00000408,S0076,已联系您协助处理,2025-05-23 03:04:09,manual
RVR0000747,RV00000531,S0003,感谢反馈，我们会持续改进,2025-10-18 02:48:07,manual
RVR0000748,RV00004757,S0078,已联系您协助处理,2026-04-20 23:23:39,template
RVR0000749,RV00005289,S0029,感谢支持，期待再次光临,2025-02-19 11:36:59,template
RVR0000750,RV00002814,S0050,祝您生活愉快,2025-05-01 18:44:55,manual
RVR0000751,RV00003014,S0013,感谢反馈，我们会持续改进,2025-02-25 06:24:47,manual
RVR0000752,RV00003743,S0024,感谢反馈，我们会持续改进,2025-07-30 15:49:55,template
RVR0000753,RV00004555,S0016,感谢反馈，我们会持续改进,2025-09-20 03:09:51,manual
RVR0000754,RV00003221,S0048,祝您生活愉快,2026-05-19 18:40:18,template
RVR0000755,RV00005357,S0064,祝您生活愉快,2025-05-08 13:33:59,manual
RVR0000756,RV00004518,S0041,感谢反馈，我们会持续改进,2026-01-05 11:18:25,manual
RVR0000757,RV00002695,S0008,已联系您协助处理,2025-10-10 22:02:47,manual
RVR0000758,RV00004087,S0009,已联系您协助处理,2025-08-13 13:30:42,manual
RVR0000759,RV00002674,S0015,感谢反馈，我们会持续改进,2026-06-14 10:50:40,template
RVR0000760,RV00004596,S0043,祝您生活愉快,2025-04-25 23:06:08,manual
RVR0000761,RV00003403,S0011,感谢反馈，我们会持续改进,2026-08-24 22:07:06,manual
RVR0000762,RV00003513,S0043,感谢反馈，我们会持续改进,2025-02-15 10:58:59,template
RVR0000763,RV00002308,S0064,已联系您协助处理,2025-09-01 21:57:16,manual
RVR0000764,RV00003987,S0033,感谢反馈，我们会持续改进,2025-05-01 01:49:50,template
RVR0000765,RV00001217,S0019,感谢支持，期待再次光临,2025-11-13 14:01:24,manual
RVR0000766,RV00003681,S0020,感谢反馈，我们会持续改进,2026-05-12 16:49:40,manual
RVR0000767,RV00001477,S0023,感谢支持，期待再次光临,2026-03-01 04:31:44,template
RVR0000768,RV00005701,S0045,已联系您协助处理,2026-02-22 17:44:31,manual
RVR0000769,RV00004217,S0060,感谢反馈，我们会持续改进,2025-05-16 00:02:46,template
RVR0000770,RV00003738,S0043,感谢反馈，我们会持续改进,2025-03-21 19:58:43,template
RVR0000771,RV00001166,S0032,祝您生活愉快,2025-02-22 13:06:17,manual
RVR0000772,RV00002671,S0053,祝您生活愉快,2025-01-08 15:42:21,manual
RVR0000773,RV00001153,S0021,感谢反馈，我们会持续改进,2026-04-13 02:57:47,manual
RVR0000774,RV00004747,S0070,感谢反馈，我们会持续改进,2026-03-19 21:56:35,template
RVR0000775,RV00004588,S0017,祝您生活愉快,2026-05-08 12:00:43,manual
RVR0000776,RV00001285,S0006,祝您生活愉快,2026-07-14 01:28:53,template
RVR0000777,RV00000710,S0043,已联系您协助处理,2025-08-16 12:58:34,manual
RVR0000778,RV00005238,S0003,感谢支持，期待再次光临,2025-05-21 18:30:39,template
RVR0000779,RV00000746,S0005,祝您生活愉快,2025-05-23 15:12:12,manual
RVR0000780,RV00002024,S0035,祝您生活愉快,2026-03-05 15:07:35,manual
RVR0000781,RV00005993,S0062,感谢反馈，我们会持续改进,2026-07-19 18:59:08,manual
RVR0000782,RV00005591,S0049,感谢支持，期待再次光临,2026-03-17 06:44:35,template
RVR0000783,RV00002608,S0038,已联系您协助处理,2025-12-29 23:47:10,template
RVR0000784,RV00004066,S0011,感谢反馈，我们会持续改进,2025-10-21 17:14:13,manual
RVR0000785,RV00001961,S0050,已联系您协助处理,2025-02-15 23:19:10,template
RVR0000786,RV00002457,S0042,已联系您协助处理,2025-03-20 09:03:18,manual
RVR0000787,RV00000944,S0058,感谢反馈，我们会持续改进,2025-11-04 03:34:41,manual
RVR0000788,RV00005154,S0028,已联系您协助处理,2025-06-04 04:37:54,manual
RVR0000789,RV00003346,S0047,感谢支持，期待再次光临,2025-04-25 13:37:59,manual
RVR0000790,RV00000788,S0074,感谢反馈，我们会持续改进,2025-10-21 02:00:18,manual
RVR0000791,RV00001799,S0003,感谢支持，期待再次光临,2026-08-10 19:31:03,manual
RVR0000792,RV00001479,S0027,已联系您协助处理,2025-05-10 21:01:21,template
RVR0000793,RV00000202,S0011,感谢反馈，我们会持续改进,2026-05-03 07:21:07,template
RVR0000794,RV00003455,S0006,祝您生活愉快,2025-07-28 05:58:24,template
RVR0000795,RV00000079,S0006,感谢支持，期待再次光临,2026-02-10 05:35:53,manual
RVR0000796,RV00002480,S0038,已联系您协助处理,2026-02-17 14:50:35,manual
RVR0000797,RV00000883,S0055,祝您生活愉快,2026-03-01 06:47:03,manual
RVR0000798,RV00000958,S0031,已联系您协助处理,2025-06-17 11:28:31,template
RVR0000799,RV00003596,S0067,感谢反馈，我们会持续改进,2026-07-04 23:24:09,manual
RVR0000800,RV00002326,S0029,已联系您协助处理,2026-05-12 16:24:47,template
RVR0000801,RV00001850,S0012,感谢支持，期待再次光临,2026-03-29 23:29:45,manual
RVR0000802,RV00005918,S0029,已联系您协助处理,2025-12-20 22:38:12,manual
RVR0000803,RV00004925,S0052,感谢支持，期待再次光临,2025-07-22 10:42:04,manual
RVR0000804,RV00000194,S0021,感谢支持，期待再次光临,2026-03-10 07:39:17,template
RVR0000805,RV00005863,S0051,已联系您协助处理,2026-02-17 06:49:33,manual
RVR0000806,RV00000899,S0017,感谢反馈，我们会持续改进,2025-05-30 00:39:08,manual
RVR0000807,RV00005017,S0055,祝您生活愉快,2025-08-27 18:51:06,template
RVR0000808,RV00005256,S0065,祝您生活愉快,2026-03-13 20:56:43,template
RVR0000809,RV00004259,S0030,感谢反馈，我们会持续改进,2026-04-17 12:33:53,manual
RVR0000810,RV00002086,S0001,已联系您协助处理,2025-04-04 11:16:45,manual
RVR0000811,RV00005810,S0018,祝您生活愉快,2025-11-26 09:46:43,manual
RVR0000812,RV00005957,S0039,祝您生活愉快,2025-08-31 14:07:27,manual
RVR0000813,RV00005537,S0059,已联系您协助处理,2026-01-17 04:41:44,template
RVR0000814,RV00002303,S0035,感谢支持，期待再次光临,2026-02-14 16:29:16,template
RVR0000815,RV00005877,S0048,已联系您协助处理,2026-05-20 19:44:00,manual
RVR0000816,RV00000150,S0080,感谢支持，期待再次光临,2025-04-25 16:51:29,template
RVR0000817,RV00004772,S0018,已联系您协助处理,2026-02-26 01:50:58,manual
RVR0000818,RV00002611,S0007,已联系您协助处理,2026-08-24 01:08:33,template
RVR0000819,RV00003360,S0027,已联系您协助处理,2025-01-12 10:04:44,template
RVR0000820,RV00004396,S0022,祝您生活愉快,2026-04-11 06:45:23,template
RVR0000821,RV00005226,S0045,感谢反馈，我们会持续改进,2026-07-15 21:22:05,template
RVR0000822,RV00001917,S0062,感谢反馈，我们会持续改进,2025-07-29 07:14:33,template
RVR0000823,RV00002278,S0080,已联系您协助处理,2025-01-30 07:58:07,manual
RVR0000824,RV00002046,S0052,祝您生活愉快,2025-06-07 04:57:03,manual
RVR0000825,RV00002829,S0030,感谢支持，期待再次光临,2025-11-30 15:42:48,template
RVR0000826,RV00002315,S0012,祝您生活愉快,2025-12-20 02:16:59,manual
RVR0000827,RV00001915,S0002,已联系您协助处理,2026-02-20 01:34:18,template
RVR0000828,RV00005833,S0044,感谢反馈，我们会持续改进,2025-12-08 00:04:27,template
RVR0000829,RV00002378,S0071,感谢支持，期待再次光临,2026-02-03 12:01:32,manual
RVR0000830,RV00005301,S0038,已联系您协助处理,2026-01-06 09:53:39,template
RVR0000831,RV00004901,S0021,感谢支持，期待再次光临,2026-05-21 20:28:56,template
RVR0000832,RV00003718,S0018,已联系您协助处理,2025-11-22 02:58:43,manual
RVR0000833,RV00005526,S0060,感谢支持，期待再次光临,2025-12-07 21:52:39,manual
RVR0000834,RV00004223,S0030,祝您生活愉快,2026-07-15 13:18:38,manual
RVR0000835,RV00005062,S0007,已联系您协助处理,2025-12-21 07:58:05,manual
RVR0000836,RV00004680,S0046,感谢支持，期待再次光临,2026-07-20 21:04:35,manual
RVR0000837,RV00005649,S0040,感谢支持，期待再次光临,2025-05-05 15:17:55,manual
RVR0000838,RV00002919,S0006,感谢反馈，我们会持续改进,2025-10-29 07:14:38,manual
RVR0000839,RV00004094,S0020,祝您生活愉快,2025-02-03 16:40:11,manual
RVR0000840,RV00004255,S0063,感谢反馈，我们会持续改进,2026-06-15 21:00:39,manual
RVR0000841,RV00003324,S0052,已联系您协助处理,2025-11-05 03:56:21,manual
RVR0000842,RV00005348,S0038,祝您生活愉快,2026-07-21 22:23:26,template
RVR0000843,RV00005379,S0012,感谢支持，期待再次光临,2025-10-22 19:01:30,manual
RVR0000844,RV00002140,S0047,已联系您协助处理,2026-07-19 23:30:01,manual
RVR0000845,RV00005125,S0033,感谢支持，期待再次光临,2025-04-18 12:27:23,manual
RVR0000846,RV00000684,S0019,祝您生活愉快,2026-03-31 10:06:02,manual
RVR0000847,RV00001323,S0004,祝您生活愉快,2026-06-11 18:21:58,template
RVR0000848,RV00000983,S0033,感谢反馈，我们会持续改进,2026-03-18 10:00:59,manual
RVR0000849,RV00005407,S0065,感谢反馈，我们会持续改进,2025-09-09 13:27:54,template
RVR0000850,RV00004364,S0031,已联系您协助处理,2025-04-08 03:26:31,manual
RVR0000851,RV00004878,S0057,祝您生活愉快,2025-02-08 02:47:01,template
RVR0000852,RV00005414,S0067,感谢支持，期待再次光临,2026-05-11 05:25:53,manual
RVR0000853,RV00000485,S0054,已联系您协助处理,2026-02-17 15:22:29,manual
RVR0000854,RV00002027,S0051,感谢支持，期待再次光临,2025-07-28 15:03:53,manual
RVR0000855,RV00005319,S0079,感谢支持，期待再次光临,2025-08-18 04:14:10,manual
RVR0000856,RV00001918,S0068,已联系您协助处理,2026-07-20 02:45:22,template
RVR0000857,RV00000382,S0003,已联系您协助处理,2026-05-09 15:28:00,manual
RVR0000858,RV00004836,S0046,感谢反馈，我们会持续改进,2026-05-17 16:06:10,manual
RVR0000859,RV00002190,S0048,已联系您协助处理,2026-07-02 21:05:12,manual
RVR0000860,RV00000515,S0007,祝您生活愉快,2025-01-08 19:55:18,manual
RVR0000861,RV00004110,S0055,已联系您协助处理,2025-08-25 16:50:31,manual
RVR0000862,RV00004201,S0021,已联系您协助处理,2026-08-04 03:16:17,manual
RVR0000863,RV00002559,S0058,感谢支持，期待再次光临,2026-08-08 16:03:57,template
RVR0000864,RV00003792,S0046,感谢反馈，我们会持续改进,2026-04-14 00:55:06,template
RVR0000865,RV00002313,S0055,感谢反馈，我们会持续改进,2025-10-11 01:52:22,template
RVR0000866,RV00001406,S0045,祝您生活愉快,2026-02-25 02:44:38,template
RVR0000867,RV00003041,S0075,已联系您协助处理,2026-07-29 00:06:47,template
RVR0000868,RV00000930,S0061,感谢反馈，我们会持续改进,2026-03-10 22:41:05,manual
RVR0000869,RV00000136,S0069,已联系您协助处理,2025-04-30 06:30:16,manual
RVR0000870,RV00000748,S0006,已联系您协助处理,2025-05-21 18:41:09,manual
RVR0000871,RV00005557,S0068,感谢支持，期待再次光临,2025-11-26 01:20:30,template
RVR0000872,RV00001155,S0018,已联系您协助处理,2026-03-07 14:50:58,manual
RVR0000873,RV00000687,S0050,祝您生活愉快,2026-07-06 12:13:43,manual
RVR0000874,RV00000559,S0011,感谢反馈，我们会持续改进,2025-07-27 08:30:06,template
RVR0000875,RV00005242,S0040,感谢反馈，我们会持续改进,2025-03-29 11:48:49,manual
RVR0000876,RV00003126,S0010,祝您生活愉快,2025-07-07 20:12:41,template
RVR0000877,RV00005686,S0036,感谢支持，期待再次光临,2025-02-09 23:58:51,template
RVR0000878,RV00003235,S0025,已联系您协助处理,2026-01-25 23:14:30,template
RVR0000879,RV00004591,S0069,感谢支持，期待再次光临,2026-06-24 16:08:29,manual
RVR0000880,RV00003074,S0077,祝您生活愉快,2026-01-31 12:03:19,manual
RVR0000881,RV00005130,S0011,感谢反馈，我们会持续改进,2026-06-11 21:31:35,manual
RVR0000882,RV00004257,S0023,祝您生活愉快,2025-10-17 02:58:18,manual
RVR0000883,RV00005633,S0053,感谢反馈，我们会持续改进,2026-08-15 17:10:58,manual
RVR0000884,RV00004959,S0011,祝您生活愉快,2025-04-11 20:31:35,manual
RVR0000885,RV00002408,S0046,已联系您协助处理,2026-05-12 11:01:37,manual
RVR0000886,RV00000925,S0047,感谢反馈，我们会持续改进,2025-06-30 18:52:15,manual
RVR0000887,RV00001934,S0039,感谢支持，期待再次光临,2025-11-23 08:43:08,manual
RVR0000888,RV00000725,S0077,祝您生活愉快,2026-05-23 05:35:52,manual
RVR0000889,RV00004950,S0063,已联系您协助处理,2025-10-13 10:06:49,manual
RVR0000890,RV00000647,S0044,感谢支持，期待再次光临,2025-08-22 20:51:58,manual
RVR0000891,RV00000357,S0060,祝您生活愉快,2025-10-30 01:45:49,template
RVR0000892,RV00002400,S0065,感谢反馈，我们会持续改进,2025-11-03 07:17:19,manual
RVR0000893,RV00003680,S0060,感谢反馈，我们会持续改进,2026-07-11 21:37:36,manual
RVR0000894,RV00004966,S0047,感谢反馈，我们会持续改进,2025-07-04 21:56:04,template
RVR0000895,RV00000690,S0071,祝您生活愉快,2025-05-13 02:37:05,manual
RVR0000896,RV00004205,S0033,祝您生活愉快,2026-06-06 22:44:43,manual
RVR0000897,RV00004541,S0063,感谢反馈，我们会持续改进,2025-08-03 21:33:38,template
RVR0000898,RV00005101,S0051,已联系您协助处理,2025-08-24 17:47:55,manual
RVR0000899,RV00001828,S0064,感谢反馈，我们会持续改进,2026-08-19 14:30:35,manual
RVR0000900,RV00001033,S0019,祝您生活愉快,2025-01-05 13:17:51,manual
RVR0000901,RV00000353,S0002,已联系您协助处理,2026-06-29 06:48:11,manual
RVR0000902,RV00000145,S0005,祝您生活愉快,2025-05-05 02:00:28,manual
RVR0000903,RV00001699,S0026,已联系您协助处理,2026-04-03 19:16:11,manual
RVR0000904,RV00000068,S0040,祝您生活愉快,2025-05-07 14:42:12,template
RVR0000905,RV00000244,S0070,感谢反馈，我们会持续改进,2026-06-29 18:20:42,template
RVR0000906,RV00003490,S0016,已联系您协助处理,2026-03-08 13:44:15,manual
RVR0000907,RV00003183,S0068,感谢反馈，我们会持续改进,2025-04-15 13:41:54,manual
RVR0000908,RV00004328,S0022,祝您生活愉快,2025-10-13 03:06:29,manual
RVR0000909,RV00003701,S0056,感谢反馈，我们会持续改进,2026-05-06 12:36:20,manual
RVR0000910,RV00001714,S0002,已联系您协助处理,2025-05-05 20:38:40,manual
RVR0000911,RV00000061,S0021,祝您生活愉快,2025-09-09 07:25:35,manual
RVR0000912,RV00001313,S0034,感谢支持，期待再次光临,2026-06-02 08:55:25,manual
RVR0000913,RV00001574,S0006,感谢支持，期待再次光临,2025-08-10 04:14:28,manual
RVR0000914,RV00003128,S0075,祝您生活愉快,2025-09-05 22:20:01,manual
RVR0000915,RV00003143,S0038,已联系您协助处理,2026-08-06 22:09:29,manual
RVR0000916,RV00001255,S0060,感谢支持，期待再次光临,2025-05-12 16:02:46,template
RVR0000917,RV00005827,S0045,感谢反馈，我们会持续改进,2025-09-20 04:44:41,manual
RVR0000918,RV00005509,S0001,感谢反馈，我们会持续改进,2025-07-26 06:44:16,template
RVR0000919,RV00003499,S0008,祝您生活愉快,2026-02-09 18:46:32,manual
RVR0000920,RV00004639,S0028,已联系您协助处理,2026-03-04 18:47:21,template
RVR0000921,RV00005430,S0057,感谢支持，期待再次光临,2026-04-07 17:58:46,manual
RVR0000922,RV00001467,S0051,已联系您协助处理,2025-03-13 14:41:11,manual
RVR0000923,RV00000274,S0039,祝您生活愉快,2025-03-22 11:38:05,template
RVR0000924,RV00003258,S0037,祝您生活愉快,2025-02-24 07:37:14,template
RVR0000925,RV00000249,S0021,感谢反馈，我们会持续改进,2026-06-27 15:27:11,manual
RVR0000926,RV00005105,S0068,已联系您协助处理,2025-03-09 13:04:34,manual
RVR0000927,RV00004493,S0014,祝您生活愉快,2026-06-10 15:02:48,manual
RVR0000928,RV00002993,S0080,已联系您协助处理,2025-10-07 13:58:55,manual
RVR0000929,RV00001953,S0031,祝您生活愉快,2025-01-25 10:40:21,template
RVR0000930,RV00000706,S0045,已联系您协助处理,2025-11-15 17:35:50,manual
RVR0000931,RV00000805,S0001,感谢支持，期待再次光临,2026-03-10 18:22:54,template
RVR0000932,RV00000358,S0037,感谢反馈，我们会持续改进,2025-06-10 21:12:49,template
RVR0000933,RV00002088,S0033,感谢支持，期待再次光临,2025-06-08 18:52:16,template
RVR0000934,RV00000328,S0073,已联系您协助处理,2025-12-21 16:06:45,template
RVR0000935,RV00005665,S0051,感谢反馈，我们会持续改进,2025-04-23 19:03:24,manual
RVR0000936,RV00001360,S0047,祝您生活愉快,2025-07-01 04:29:07,manual
RVR0000937,RV00003430,S0033,感谢支持，期待再次光临,2025-03-14 01:54:03,manual
RVR0000938,RV00005518,S0036,感谢反馈，我们会持续改进,2025-10-02 11:44:56,template
RVR0000939,RV00000846,S0058,祝您生活愉快,2025-01-14 14:14:11,manual
RVR0000940,RV00003886,S0044,感谢支持，期待再次光临,2025-06-15 12:54:22,manual
RVR0000941,RV00000941,S0007,祝您生活愉快,2026-02-15 05:22:10,manual
RVR0000942,RV00004844,S0064,感谢支持，期待再次光临,2025-03-17 02:20:51,template
RVR0000943,RV00002953,S0021,祝您生活愉快,2026-03-10 11:41:43,template
RVR0000944,RV00000319,S0076,祝您生活愉快,2026-06-04 05:25:45,manual
RVR0000945,RV00002820,S0026,祝您生活愉快,2026-01-27 07:57:17,manual
RVR0000946,RV00002481,S0044,祝您生活愉快,2025-04-05 02:08:38,template
RVR0000947,RV00001957,S0013,感谢支持，期待再次光临,2025-07-06 11:50:26,template
RVR0000948,RV00003473,S0009,祝您生活愉快,2025-02-27 04:52:27,manual
RVR0000949,RV00000446,S0042,已联系您协助处理,2026-04-02 09:59:10,manual
RVR0000950,RV00004455,S0047,祝您生活愉快,2025-10-31 20:50:59,template
RVR0000951,RV00000170,S0038,感谢支持，期待再次光临,2026-02-08 04:38:11,manual
RVR0000952,RV00002298,S0075,感谢反馈，我们会持续改进,2025-03-30 03:15:25,manual
RVR0000953,RV00001577,S0051,祝您生活愉快,2026-07-23 09:18:14,manual
RVR0000954,RV00001498,S0071,感谢反馈，我们会持续改进,2025-06-22 17:32:03,manual
RVR0000955,RV00001426,S0070,感谢支持，期待再次光临,2025-02-12 07:29:54,template
RVR0000956,RV00004297,S0018,祝您生活愉快,2025-10-13 13:58:03,template
RVR0000957,RV00003698,S0063,祝您生活愉快,2026-03-01 23:21:19,manual
RVR0000958,RV00005085,S0024,祝您生活愉快,2025-12-04 06:28:46,template
RVR0000959,RV00004179,S0059,已联系您协助处理,2026-05-18 17:28:07,template
RVR0000960,RV00004051,S0005,祝您生活愉快,2026-01-25 00:23:09,manual
RVR0000961,RV00003695,S0034,祝您生活愉快,2025-01-10 05:45:29,manual
RVR0000962,RV00002918,S0068,祝您生活愉快,2025-04-11 11:12:47,manual
RVR0000963,RV00002003,S0062,已联系您协助处理,2025-11-27 10:15:14,manual
RVR0000964,RV00003784,S0054,感谢反馈，我们会持续改进,2025-04-11 06:25:51,template
RVR0000965,RV00000923,S0056,已联系您协助处理,2025-04-29 12:14:56,manual
RVR0000966,RV00005144,S0065,感谢支持，期待再次光临,2026-01-22 04:57:52,template
RVR0000967,RV00001388,S0038,已联系您协助处理,2026-07-11 05:14:22,manual
RVR0000968,RV00003433,S0072,祝您生活愉快,2026-06-25 21:44:39,template
RVR0000969,RV00002754,S0044,已联系您协助处理,2026-05-04 14:45:48,manual
RVR0000970,RV00000643,S0064,已联系您协助处理,2026-02-06 07:26:37,template
RVR0000971,RV00002902,S0025,感谢支持，期待再次光临,2026-03-26 09:16:12,manual
RVR0000972,RV00004293,S0008,感谢支持，期待再次光临,2025-03-29 14:56:52,template
RVR0000973,RV00001667,S0044,已联系您协助处理,2026-06-16 23:52:31,template
RVR0000974,RV00005560,S0075,感谢反馈，我们会持续改进,2025-01-25 21:30:48,manual
RVR0000975,RV00004281,S0060,祝您生活愉快,2025-11-05 09:10:15,manual
RVR0000976,RV00004085,S0073,感谢支持，期待再次光临,2025-06-24 18:26:38,manual
RVR0000977,RV00005281,S0012,感谢反馈，我们会持续改进,2025-03-14 20:48:16,manual
RVR0000978,RV00004778,S0079,感谢反馈，我们会持续改进,2025-04-30 15:33:53,template
RVR0000979,RV00000538,S0014,感谢支持，期待再次光临,2025-07-06 12:02:46,manual
RVR0000980,RV00002537,S0049,感谢支持，期待再次光临,2026-01-04 07:28:53,template
RVR0000981,RV00005635,S0065,已联系您协助处理,2025-10-10 08:38:59,manual
RVR0000982,RV00002582,S0016,祝您生活愉快,2026-01-14 02:50:25,manual
RVR0000983,RV00005148,S0048,感谢反馈，我们会持续改进,2025-12-19 02:07:45,manual
RVR0000984,RV00003726,S0049,已联系您协助处理,2026-03-15 11:01:15,template
RVR0000985,RV00000361,S0047,已联系您协助处理,2025-10-13 12:37:25,manual
RVR0000986,RV00001104,S0044,已联系您协助处理,2025-08-26 19:39:18,template
RVR0000987,RV00003373,S0061,感谢支持，期待再次光临,2026-04-19 23:29:48,manual
RVR0000988,RV00004813,S0046,感谢支持，期待再次光临,2025-11-29 22:17:43,template
RVR0000989,RV00001792,S0016,感谢反馈，我们会持续改进,2025-04-12 13:25:43,template
RVR0000990,RV00001733,S0054,感谢反馈，我们会持续改进,2025-12-09 05:17:25,template
RVR0000991,RV00000992,S0069,祝您生活愉快,2026-07-07 00:08:52,template
RVR0000992,RV00003281,S0027,感谢支持，期待再次光临,2026-01-09 05:14:47,manual
RVR0000993,RV00004820,S0002,祝您生活愉快,2026-07-03 11:13:00,manual
RVR0000994,RV00003648,S0046,感谢支持，期待再次光临,2025-10-15 03:06:22,template
RVR0000995,RV00005107,S0052,已联系您协助处理,2025-02-08 21:15:16,manual
RVR0000996,RV00002504,S0024,感谢反馈，我们会持续改进,2026-03-15 19:34:12,template
RVR0000997,RV00004232,S0066,感谢支持，期待再次光临,2026-07-20 02:22:57,manual
RVR0000998,RV00002647,S0048,已联系您协助处理,2026-02-06 22:58:00,manual
RVR0000999,RV00000700,S0044,祝您生活愉快,2025-04-19 08:11:29,manual
RVR0001000,RV00005178,S0052,已联系您协助处理,2026-04-11 23:38:30,template
