target_id,target_month,store_id,gmv_target,net_revenue_target,order_target,conversion_rate_target,owner_name
TGT0000001,2026-01,S0001,1446855.73,1140695.99,2849,0.0352,负责人02
TGT0000002,2026-01,S0002,1453943.35,1321605.84,2036,0.0489,负责人03
TGT0000003,2026-01,S0003,540827.98,466364.78,1866,0.0714,负责人04
TGT0000004,2026-01,S0004,1221352.37,960093.35,2680,0.0592,负责人05
TGT0000005,2026-01,S0005,469170.09,421658.22,1777,0.0777,负责人06
TGT0000006,2026-01,S0006,712450.33,618121.2,566,0.0654,负责人07
TGT0000007,2026-01,S0007,1698456.97,1592317.67,3158,0.0354,负责人08
TGT0000008,2026-01,S0008,874309.36,806624.6,1745,0.0615,负责人09
TGT0000009,2026-01,S0009,873682.69,804163.29,2139,0.0849,负责人10
TGT0000010,2026-01,S0010,1780292.99,1458458.27,922,0.0881,负责人11
TGT0000011,2026-01,S0011,1614767.81,1374918.69,2495,0.0293,负责人12
TGT0000012,2026-01,S0012,1742844.42,1629264.54,1960,0.0475,负责人13
TGT0000013,2026-01,S0013,874659.69,694985.06,3866,0.057,负责人14
TGT0000014,2026-01,S0014,746534.24,589659.75,1470,0.0745,负责人15
TGT0000015,2026-01,S0015,383529.23,315903.41,1582,0.0777,负责人16
TGT0000016,2026-01,S0016,1128980.92,929021.33,4123,0.0537,负责人17
TGT0000017,2026-01,S0017,724991.58,650221.37,2986,0.0762,负责人18
TGT0000018,2026-01,S0018,1106704.69,939404.29,4149,0.0569,负责人19
TGT0000019,2026-01,S0019,582030.44,510215.46,529,0.0388,负责人20
TGT0000020,2026-01,S0020,1431375.51,1179124.39,2964,0.0612,负责人21
TGT0000021,2026-01,S0021,1042569.23,977025.67,3034,0.0815,负责人22
TGT0000022,2026-01,S0022,429376.06,339460.38,1375,0.0751,负责人23
TGT0000023,2026-01,S0023,1369115.67,1277673.28,933,0.074,负责人24
TGT0000024,2026-01,S0024,373389.91,324716.24,3893,0.0389,负责人25
TGT0000025,2026-01,S0025,935888.36,857936.63,3030,0.047,负责人26
TGT0000026,2026-01,S0026,1411869.8,1113858.95,704,0.0447,负责人27
TGT0000027,2026-01,S0027,509445.18,460299.98,1934,0.0837,负责人28
TGT0000028,2026-01,S0028,482552.64,378555.64,4073,0.0872,负责人29
TGT0000029,2026-01,S0029,1397493.73,1297490.48,591,0.0877,负责人30
TGT0000030,2026-01,S0030,1013095.01,898328.77,4002,0.0868,负责人01
TGT0000031,2026-01,S0031,1579486.76,1483020.55,2594,0.0431,负责人02
TGT0000032,2026-01,S0032,558522.85,436417.83,3238,0.0764,负责人03
TGT0000033,2026-01,S0033,1378935.24,1142468.07,2911,0.0292,负责人04
TGT0000034,2026-01,S0034,291378.21,233876.48,1611,0.0314,负责人05
TGT0000035,2026-01,S0035,1170301.86,985911.66,601,0.0777,负责人06
TGT0000036,2026-01,S0036,1302192.23,1135522.75,767,0.057,负责人07
TGT0000037,2026-01,S0037,1777388.76,1440780.46,3008,0.0567,负责人08
TGT0000038,2026-01,S0038,1649148.61,1436827.94,2863,0.0664,负责人09
TGT0000039,2026-01,S0039,1359430.19,1100544.4,2102,0.0399,负责人10
TGT0000040,2026-01,S0040,526662.57,489145.83,1543,0.0822,负责人11
TGT0000041,2026-01,S0041,1469782.75,1185930.68,4093,0.0485,负责人12
TGT0000042,2026-01,S0042,1461658.08,1253068.59,1202,0.0837,负责人13
TGT0000043,2026-01,S0043,328337.28,308023.48,1148,0.0853,负责人14
TGT0000044,2026-01,S0044,588340.81,529092.64,1191,0.0655,负责人15
TGT0000045,2026-01,S0045,1447842.22,1323997.49,810,0.0335,负责人16
TGT0000046,2026-01,S0046,867629.77,690354.61,2706,0.0899,负责人17
TGT0000047,2026-01,S0047,1781236.42,1494788.32,1394,0.0791,负责人18
TGT0000048,2026-01,S0048,617379.06,579990.02,1121,0.0799,负责人19
TGT0000049,2026-01,S0049,1514071.7,1387490.88,620,0.0817,负责人20
TGT0000050,2026-01,S0050,831229.73,779537.8,2836,0.0678,负责人21
TGT0000051,2026-01,S0051,729240.26,644604.78,3564,0.0613,负责人22
TGT0000052,2026-01,S0052,1165234.47,1010633.77,2088,0.043,负责人23
TGT0000053,2026-01,S0053,1618825.68,1398697.49,2930,0.063,负责人24
TGT0000054,2026-01,S0054,1585867.69,1360851.9,1221,0.0304,负责人25
TGT0000055,2026-01,S0055,239876.2,190482.99,1595,0.0841,负责人26
TGT0000056,2026-01,S0056,796021.87,627680.69,1918,0.0372,负责人27
TGT0000057,2026-01,S0057,941991.63,846862.06,1706,0.0326,负责人28
TGT0000058,2026-01,S0058,1688743.68,1509194.92,2800,0.0595,负责人29
TGT0000059,2026-01,S0059,1579354.21,1480916.9,1354,0.0778,负责人30
TGT0000060,2026-01,S0060,1105492.19,944848.83,920,0.0843,负责人01
TGT0000061,2026-01,S0061,525765.97,451629.06,521,0.088,负责人02
TGT0000062,2026-01,S0062,835419.87,694563.27,2419,0.0831,负责人03
TGT0000063,2026-01,S0063,331269.72,308053.33,2748,0.0325,负责人04
TGT0000064,2026-01,S0064,1209596.49,1022194.56,1495,0.0331,负责人05
TGT0000065,2026-01,S0065,829918.03,747666.2,2883,0.0433,负责人06
TGT0000066,2026-01,S0066,1363539.76,1098516.98,2069,0.0265,负责人07
TGT0000067,2026-01,S0067,413883.2,346068.35,3605,0.0598,负责人08
TGT0000068,2026-01,S0068,268304.56,219594.17,2760,0.0568,负责人09
TGT0000069,2026-01,S0069,322507.59,253502.81,1653,0.0351,负责人10
TGT0000070,2026-01,S0070,825408.11,719179.58,2078,0.0619,负责人11
TGT0000071,2026-01,S0071,545461.22,454713.35,742,0.0698,负责人12
TGT0000072,2026-01,S0072,1126974.25,918424.79,1395,0.0355,负责人13
TGT0000073,2026-01,S0073,461858.3,377577.27,867,0.0693,负责人14
TGT0000074,2026-01,S0074,1302972.75,1158302.99,3460,0.0347,负责人15
TGT0000075,2026-01,S0075,432165.81,404002.21,1152,0.0645,负责人16
TGT0000076,2026-01,S0076,664635.63,614368.71,2152,0.0698,负责人17
TGT0000077,2026-01,S0077,408220.78,382529.53,390,0.0869,负责人18
TGT0000078,2026-01,S0078,480811.24,414955.62,657,0.0603,负责人19
TGT0000079,2026-01,S0079,558897.06,461753.11,1270,0.0797,负责人20
TGT0000080,2026-01,S0080,239769.23,202331.46,416,0.0529,负责人21
TGT0000081,2026-02,S0001,1198619.83,1023592.88,3586,0.0726,负责人02
TGT0000082,2026-02,S0002,609564.73,498942.75,655,0.043,负责人03
TGT0000083,2026-02,S0003,617147.2,540328.2,400,0.0386,负责人04
TGT0000084,2026-02,S0004,1068728.96,890340.45,2181,0.0436,负责人05
TGT0000085,2026-02,S0005,901271.63,774712.45,457,0.0418,负责人06
TGT0000086,2026-02,S0006,454678.29,399277.97,820,0.0324,负责人07
TGT0000087,2026-02,S0007,1558962.27,1433919.39,3238,0.0873,负责人08
TGT0000088,2026-02,S0008,1209980.81,1015449.06,622,0.0704,负责人09
TGT0000089,2026-02,S0009,201514.86,157932.22,1890,0.0374,负责人10
TGT0000090,2026-02,S0010,1595100.45,1254368.9,2220,0.0408,负责人11
TGT0000091,2026-02,S0011,1587034.17,1412395.1,1546,0.0482,负责人12
TGT0000092,2026-02,S0012,1061142.06,978391.85,1999,0.0848,负责人13
TGT0000093,2026-02,S0013,964170.45,794433.74,726,0.0394,负责人14
TGT0000094,2026-02,S0014,1594404.41,1473096.3,2897,0.0539,负责人15
TGT0000095,2026-02,S0015,547679.94,438646.09,4097,0.0551,负责人16
TGT0000096,2026-02,S0016,1010230.44,887300.59,2640,0.0677,负责人17
TGT0000097,2026-02,S0017,803743.92,648015.98,1630,0.0815,负责人18
TGT0000098,2026-02,S0018,1064120.59,946769.75,2724,0.0773,负责人19
TGT0000099,2026-02,S0019,755984.05,683612.48,2170,0.0291,负责人20
TGT0000100,2026-02,S0020,1795630.49,1616636.96,2449,0.028,负责人21
TGT0000101,2026-02,S0021,1313814.82,1089098.38,2834,0.0841,负责人22
TGT0000102,2026-02,S0022,214745.01,198776.98,1253,0.0831,负责人23
TGT0000103,2026-02,S0023,1113481.97,930339.12,1957,0.0434,负责人24
TGT0000104,2026-02,S0024,563283.62,492023.52,422,0.0785,负责人25
TGT0000105,2026-02,S0025,1730985.53,1437076.67,3019,0.068,负责人26
TGT0000106,2026-02,S0026,1306958.6,1030933.37,3150,0.072,负责人27
TGT0000107,2026-02,S0027,1380514.14,1163300.38,2857,0.0785,负责人28
TGT0000108,2026-02,S0028,1240869.85,1008853.51,1874,0.0431,负责人29
TGT0000109,2026-02,S0029,1680675.52,1423376.53,3790,0.0737,负责人30
TGT0000110,2026-02,S0030,198908.29,183450.51,1501,0.0392,负责人01
TGT0000111,2026-02,S0031,892279.66,831490.63,3458,0.0636,负责人02
TGT0000112,2026-02,S0032,1568483.18,1232784.76,533,0.0583,负责人03
TGT0000113,2026-02,S0033,481475.73,450512.5,2353,0.054,负责人04
TGT0000114,2026-02,S0034,1064650.12,832858.41,3044,0.0498,负责人05
TGT0000115,2026-02,S0035,1795674.23,1473065.74,1507,0.0287,负责人06
TGT0000116,2026-02,S0036,1359756.57,1265957.69,2726,0.0837,负责人07
TGT0000117,2026-02,S0037,597053.52,481573.39,3164,0.056,负责人08
TGT0000118,2026-02,S0038,762954.65,601765.61,1725,0.0877,负责人09
TGT0000119,2026-02,S0039,431725.47,373674.57,3211,0.0725,负责人10
TGT0000120,2026-02,S0040,811633.96,716011.31,2862,0.0406,负责人11
TGT0000121,2026-02,S0041,719619.51,605610.61,3961,0.0304,负责人12
TGT0000122,2026-02,S0042,1154806.49,1061368.9,3662,0.0324,负责人13
TGT0000123,2026-02,S0043,987679.79,824721.79,2748,0.068,负责人14
TGT0000124,2026-02,S0044,260708.52,207845.57,2998,0.048,负责人15
TGT0000125,2026-02,S0045,1403889.99,1188036.78,3148,0.0433,负责人16
TGT0000126,2026-02,S0046,440880.91,378395.36,3652,0.0853,负责人17
TGT0000127,2026-02,S0047,329556.68,305539.39,2297,0.0788,负责人18
TGT0000128,2026-02,S0048,1540213.84,1224883.33,1801,0.0727,负责人19
TGT0000129,2026-02,S0049,730523.73,645883.99,3683,0.0729,负责人20
TGT0000130,2026-02,S0050,630244.12,496654.76,3286,0.0716,负责人21
TGT0000131,2026-02,S0051,958513.69,850643.76,1630,0.0831,负责人22
TGT0000132,2026-02,S0052,1702949.02,1566739.1,3721,0.0284,负责人23
TGT0000133,2026-02,S0053,317146.7,270846.34,1560,0.0656,负责人24
TGT0000134,2026-02,S0054,1337530.63,1066609.34,1508,0.0563,负责人25
TGT0000135,2026-02,S0055,1623730.42,1369399.52,3633,0.0408,负责人26
TGT0000136,2026-02,S0056,188151.83,158134.4,2816,0.0892,负责人27
TGT0000137,2026-02,S0057,1189829.94,1011627.97,2476,0.0626,负责人28
TGT0000138,2026-02,S0058,1112044.75,1038404.64,2973,0.0569,负责人29
TGT0000139,2026-02,S0059,1594598.31,1419712.03,964,0.0646,负责人30
TGT0000140,2026-02,S0060,358009.0,304073.83,3346,0.0892,负责人01
TGT0000141,2026-02,S0061,1324008.98,1241666.32,1238,0.0529,负责人02
TGT0000142,2026-02,S0062,848256.17,781840.5,2780,0.0441,负责人03
TGT0000143,2026-02,S0063,414045.12,326519.11,913,0.0467,负责人04
TGT0000144,2026-02,S0064,910232.11,846443.22,2326,0.0347,负责人05
TGT0000145,2026-02,S0065,1547209.83,1329450.4,2548,0.0841,负责人06
TGT0000146,2026-02,S0066,1097446.01,976026.08,2184,0.0538,负责人07
TGT0000147,2026-02,S0067,238096.95,197929.82,3868,0.0685,负责人08
TGT0000148,2026-02,S0068,1661547.92,1449907.59,2642,0.0733,负责人09
TGT0000149,2026-02,S0069,916347.34,719672.09,1756,0.0349,负责人10
TGT0000150,2026-02,S0070,1172607.02,1085849.42,3195,0.0809,负责人11
TGT0000151,2026-02,S0071,367423.52,309843.17,2626,0.0496,负责人12
TGT0000152,2026-02,S0072,1675378.37,1561106.81,1047,0.0837,负责人13
TGT0000153,2026-02,S0073,1047605.07,947809.91,2503,0.0305,负责人14
TGT0000154,2026-02,S0074,1050912.76,971093.32,3728,0.0872,负责人15
TGT0000155,2026-02,S0075,212974.45,188263.63,602,0.052,负责人16
TGT0000156,2026-02,S0076,595025.68,540998.96,3508,0.0501,负责人17
TGT0000157,2026-02,S0077,1317787.82,1119304.99,1195,0.0677,负责人18
TGT0000158,2026-02,S0078,806958.66,715237.54,1882,0.086,负责人19
TGT0000159,2026-02,S0079,1457954.35,1318559.32,666,0.0423,负责人20
TGT0000160,2026-02,S0080,1093225.51,874100.56,575,0.0852,负责人21
TGT0000161,2026-03,S0001,424374.97,340789.35,2115,0.0768,负责人02
TGT0000162,2026-03,S0002,592428.29,491897.6,603,0.0278,负责人03
TGT0000163,2026-03,S0003,919611.17,746313.64,2151,0.034,负责人04
TGT0000164,2026-03,S0004,1220584.01,1113426.29,2071,0.0605,负责人05
TGT0000165,2026-03,S0005,1176656.38,953434.96,3592,0.0655,负责人06
TGT0000166,2026-03,S0006,932640.78,762879.26,825,0.036,负责人07
TGT0000167,2026-03,S0007,1397470.35,1191406.95,3141,0.0742,负责人08
TGT0000168,2026-03,S0008,1714679.57,1406057.46,2501,0.0811,负责人09
TGT0000169,2026-03,S0009,493259.19,431636.73,3903,0.0806,负责人10
TGT0000170,2026-03,S0010,735979.29,663172.49,1205,0.0852,负责人11
TGT0000171,2026-03,S0011,1724397.52,1619367.69,3364,0.0675,负责人12
TGT0000172,2026-03,S0012,470934.0,431110.89,2697,0.0722,负责人13
TGT0000173,2026-03,S0013,772269.66,687508.75,923,0.028,负责人14
TGT0000174,2026-03,S0014,477044.03,375246.3,3327,0.0354,负责人15
TGT0000175,2026-03,S0015,1440752.75,1238658.06,2756,0.0405,负责人16
TGT0000176,2026-03,S0016,378326.6,316894.83,1520,0.0795,负责人17
TGT0000177,2026-03,S0017,662706.58,619487.36,1892,0.0489,负责人18
TGT0000178,2026-03,S0018,1481091.3,1244212.9,4038,0.0335,负责人19
TGT0000179,2026-03,S0019,877408.61,817579.11,1904,0.0477,负责人20
TGT0000180,2026-03,S0020,724701.45,650901.6,1388,0.0871,负责人21
TGT0000181,2026-03,S0021,496226.5,405112.03,2397,0.0445,负责人22
TGT0000182,2026-03,S0022,247530.99,213250.36,3738,0.0417,负责人23
TGT0000183,2026-03,S0023,1260152.61,1145561.37,3361,0.0297,负责人24
TGT0000184,2026-03,S0024,1676331.81,1494380.9,3233,0.0563,负责人25
TGT0000185,2026-03,S0025,1178966.9,965942.47,1836,0.0397,负责人26
TGT0000186,2026-03,S0026,881953.09,731744.89,433,0.0256,负责人27
TGT0000187,2026-03,S0027,364259.07,340209.22,656,0.0761,负责人28
TGT0000188,2026-03,S0028,1495194.59,1266233.41,1981,0.0475,负责人29
TGT0000189,2026-03,S0029,1241423.2,1102323.53,1934,0.0621,负责人30
TGT0000190,2026-03,S0030,954778.04,821244.99,3117,0.0294,负责人01
TGT0000191,2026-03,S0031,1067004.27,916946.07,3479,0.072,负责人02
TGT0000192,2026-03,S0032,1341183.02,1076020.13,1363,0.072,负责人03
TGT0000193,2026-03,S0033,423684.49,353236.68,3140,0.0859,负责人04
TGT0000194,2026-03,S0034,1480473.54,1309622.84,3030,0.0354,负责人05
TGT0000195,2026-03,S0035,1058417.13,970648.92,477,0.081,负责人06
TGT0000196,2026-03,S0036,370746.43,300886.51,3937,0.0392,负责人07
TGT0000197,2026-03,S0037,1685851.04,1356308.24,1694,0.0596,负责人08
TGT0000198,2026-03,S0038,282377.35,243109.04,712,0.073,负责人09
TGT0000199,2026-03,S0039,1752989.05,1559329.94,1111,0.0678,负责人10
TGT0000200,2026-03,S0040,1050932.59,829199.54,3259,0.0354,负责人11
TGT0000201,2026-03,S0041,1018922.92,891736.46,2531,0.0373,负责人12
TGT0000202,2026-03,S0042,1131362.74,888136.85,1692,0.0613,负责人13
TGT0000203,2026-03,S0043,1112925.14,971529.8,800,0.0494,负责人14
TGT0000204,2026-03,S0044,1712526.26,1497943.82,811,0.0479,负责人15
TGT0000205,2026-03,S0045,1167843.16,983740.13,3459,0.0503,负责人16
TGT0000206,2026-03,S0046,348415.27,292270.76,3491,0.0519,负责人17
TGT0000207,2026-03,S0047,1733533.98,1515659.48,3228,0.0532,负责人18
TGT0000208,2026-03,S0048,1243489.77,997486.22,4189,0.0634,负责人19
TGT0000209,2026-03,S0049,1177335.57,1082201.24,2149,0.0371,负责人20
TGT0000210,2026-03,S0050,1071917.55,949801.39,2257,0.0262,负责人21
TGT0000211,2026-03,S0051,1596235.24,1252146.7,4152,0.0602,负责人22
TGT0000212,2026-03,S0052,666555.44,578371.71,767,0.0419,负责人23
TGT0000213,2026-03,S0053,207099.37,165224.69,405,0.0456,负责人24
TGT0000214,2026-03,S0054,794584.67,640538.19,3529,0.0465,负责人25
TGT0000215,2026-03,S0055,1148467.62,1034048.64,2160,0.0616,负责人26
TGT0000216,2026-03,S0056,351789.49,311548.61,2504,0.0305,负责人27
TGT0000217,2026-03,S0057,991568.27,912497.04,854,0.0886,负责人28
TGT0000218,2026-03,S0058,1488105.57,1295767.25,2184,0.0757,负责人29
TGT0000219,2026-03,S0059,1626038.99,1357661.01,1108,0.0547,负责人30
TGT0000220,2026-03,S0060,1690670.01,1353894.59,2249,0.0477,负责人01
TGT0000221,2026-03,S0061,1141177.09,1010186.59,1723,0.0376,负责人02
TGT0000222,2026-03,S0062,1254384.08,1125738.99,3209,0.0531,负责人03
TGT0000223,2026-03,S0063,1702920.77,1526853.21,3229,0.0486,负责人04
TGT0000224,2026-03,S0064,510123.11,452269.63,2686,0.0406,负责人05
TGT0000225,2026-03,S0065,766924.9,676751.36,3977,0.0398,负责人06
TGT0000226,2026-03,S0066,1042167.66,834920.58,3328,0.0805,负责人07
TGT0000227,2026-03,S0067,1728386.01,1480172.82,960,0.088,负责人08
TGT0000228,2026-03,S0068,317251.48,249934.25,2716,0.0666,负责人09
TGT0000229,2026-03,S0069,1527027.68,1360298.17,3947,0.0369,负责人10
TGT0000230,2026-03,S0070,1494834.45,1360996.16,452,0.0687,负责人11
TGT0000231,2026-03,S0071,538506.94,502627.54,2018,0.0476,负责人12
TGT0000232,2026-03,S0072,284682.69,251158.94,2544,0.0783,负责人13
TGT0000233,2026-03,S0073,1693568.89,1360750.87,3392,0.0696,负责人14
TGT0000234,2026-03,S0074,334507.42,274384.51,3220,0.0773,负责人15
TGT0000235,2026-03,S0075,234191.86,216179.7,490,0.044,负责人16
TGT0000236,2026-03,S0076,823251.49,675818.86,1458,0.0333,负责人17
TGT0000237,2026-03,S0077,1338873.28,1190047.27,3874,0.0541,负责人18
TGT0000238,2026-03,S0078,205650.81,165921.23,3002,0.0634,负责人19
TGT0000239,2026-03,S0079,356809.17,308235.35,4119,0.0374,负责人20
TGT0000240,2026-03,S0080,1084402.93,951198.93,835,0.0265,负责人21
TGT0000241,2026-04,S0001,536206.11,461167.83,1333,0.0418,负责人02
TGT0000242,2026-04,S0002,1052584.48,957688.47,1439,0.0629,负责人03
TGT0000243,2026-04,S0003,417966.82,392523.04,3557,0.0438,负责人04
TGT0000244,2026-04,S0004,1437551.34,1281561.37,2971,0.0599,负责人05
TGT0000245,2026-04,S0005,1224716.26,1016130.02,2320,0.0392,负责人06
TGT0000246,2026-04,S0006,620464.58,541272.54,2672,0.0777,负责人07
TGT0000247,2026-04,S0007,521591.96,471791.81,3078,0.058,负责人08
TGT0000248,2026-04,S0008,270400.57,226509.26,3436,0.0455,负责人09
TGT0000249,2026-04,S0009,217105.35,186568.73,3705,0.0407,负责人10
TGT0000250,2026-04,S0010,649348.48,586142.68,449,0.0711,负责人11
TGT0000251,2026-04,S0011,962011.83,891094.28,1312,0.0631,负责人12
TGT0000252,2026-04,S0012,840137.3,694392.18,1176,0.0324,负责人13
TGT0000253,2026-04,S0013,186859.47,148683.69,4004,0.0344,负责人14
TGT0000254,2026-04,S0014,601194.98,484352.74,1686,0.0772,负责人15
TGT0000255,2026-04,S0015,761459.98,652881.78,2143,0.0819,负责人16
TGT0000256,2026-04,S0016,1462264.67,1167830.52,1293,0.0882,负责人17
TGT0000257,2026-04,S0017,386505.67,307033.58,2581,0.0551,负责人18
TGT0000258,2026-04,S0018,1161604.63,1067256.97,2100,0.0451,负责人19
TGT0000259,2026-04,S0019,1066246.36,876030.14,2025,0.0516,负责人20
TGT0000260,2026-04,S0020,1395768.41,1305261.62,1511,0.054,负责人21
TGT0000261,2026-04,S0021,980122.62,889141.46,3999,0.0553,负责人22
TGT0000262,2026-04,S0022,1446643.08,1264470.96,2464,0.0599,负责人23
TGT0000263,2026-04,S0023,730893.92,676624.01,3482,0.0805,负责人24
TGT0000264,2026-04,S0024,915089.41,834094.89,3076,0.0317,负责人25
TGT0000265,2026-04,S0025,654114.59,592494.1,2104,0.0396,负责人26
TGT0000266,2026-04,S0026,1618552.89,1414294.82,2888,0.0486,负责人27
TGT0000267,2026-04,S0027,1195055.07,934305.98,2110,0.0679,负责人28
TGT0000268,2026-04,S0028,216761.41,179721.81,3681,0.0378,负责人29
TGT0000269,2026-04,S0029,734464.63,649732.09,775,0.0721,负责人30
TGT0000270,2026-04,S0030,1454388.88,1199638.56,3277,0.075,负责人01
TGT0000271,2026-04,S0031,1033035.38,936773.71,3685,0.085,负责人02
TGT0000272,2026-04,S0032,1005674.31,806330.18,471,0.0563,负责人03
TGT0000273,2026-04,S0033,1258768.28,1027016.17,2415,0.031,负责人04
TGT0000274,2026-04,S0034,1364217.54,1190718.56,3623,0.0866,负责人05
TGT0000275,2026-04,S0035,1416491.83,1204167.28,3969,0.0462,负责人06
TGT0000276,2026-04,S0036,450270.35,372820.83,3285,0.0624,负责人07
TGT0000277,2026-04,S0037,1592082.5,1252767.2,3746,0.0336,负责人08
TGT0000278,2026-04,S0038,854527.59,729990.7,3449,0.0472,负责人09
TGT0000279,2026-04,S0039,774078.61,604331.93,3278,0.0815,负责人10
TGT0000280,2026-04,S0040,628252.96,531370.48,1874,0.0734,负责人11
TGT0000281,2026-04,S0041,1548028.8,1450182.45,2192,0.0885,负责人12
TGT0000282,2026-04,S0042,805417.67,748647.66,1236,0.0678,负责人13
TGT0000283,2026-04,S0043,1351467.47,1110700.68,4151,0.0862,负责人14
TGT0000284,2026-04,S0044,963701.9,825260.54,1571,0.0254,负责人15
TGT0000285,2026-04,S0045,1001206.45,834688.08,1584,0.0267,负责人16
TGT0000286,2026-04,S0046,887887.94,763282.02,3051,0.0556,负责人17
TGT0000287,2026-04,S0047,331300.03,311110.92,4038,0.0341,负责人18
TGT0000288,2026-04,S0048,545290.8,481549.68,1821,0.0357,负责人19
TGT0000289,2026-04,S0049,328780.34,295933.47,2624,0.0475,负责人20
TGT0000290,2026-04,S0050,1347226.05,1148885.65,1944,0.0438,负责人21
TGT0000291,2026-04,S0051,241803.05,220817.18,3107,0.0671,负责人22
TGT0000292,2026-04,S0052,1669198.16,1463345.18,636,0.0501,负责人23
TGT0000293,2026-04,S0053,997582.8,920103.23,2613,0.053,负责人24
TGT0000294,2026-04,S0054,1251832.22,993129.52,2354,0.0592,负责人25
TGT0000295,2026-04,S0055,1181920.73,1055389.06,3547,0.0679,负责人26
TGT0000296,2026-04,S0056,700867.17,616845.29,3924,0.0893,负责人27
TGT0000297,2026-04,S0057,660150.83,540793.08,511,0.0828,负责人28
TGT0000298,2026-04,S0058,1494139.24,1350737.06,468,0.0421,负责人29
TGT0000299,2026-04,S0059,1527158.08,1322607.66,3478,0.0284,负责人30
TGT0000300,2026-04,S0060,754569.97,634509.72,2710,0.0304,负责人01
TGT0000301,2026-04,S0061,260895.28,237074.21,1053,0.0393,负责人02
TGT0000302,2026-04,S0062,583684.63,503087.88,767,0.0787,负责人03
TGT0000303,2026-04,S0063,737833.79,597670.21,1760,0.0827,负责人04
TGT0000304,2026-04,S0064,1393764.0,1288014.36,4174,0.0465,负责人05
TGT0000305,2026-04,S0065,852197.84,722206.4,872,0.0696,负责人06
TGT0000306,2026-04,S0066,1124815.82,1003144.57,2812,0.0588,负责人07
TGT0000307,2026-04,S0067,805468.86,745853.93,1262,0.0626,负责人08
TGT0000308,2026-04,S0068,762373.69,632805.97,1768,0.0521,负责人09
TGT0000309,2026-04,S0069,1551973.87,1249115.04,468,0.0711,负责人10
TGT0000310,2026-04,S0070,767856.9,602187.18,891,0.0724,负责人11
TGT0000311,2026-04,S0071,440269.88,358763.43,541,0.0307,负责人12
TGT0000312,2026-04,S0072,932299.14,779281.5,1793,0.0517,负责人13
TGT0000313,2026-04,S0073,1050681.96,874757.06,2545,0.0849,负责人14
TGT0000314,2026-04,S0074,1314333.43,1145883.23,3320,0.0804,负责人15
TGT0000315,2026-04,S0075,1712347.21,1591066.59,2382,0.0801,负责人16
TGT0000316,2026-04,S0076,1534525.8,1436487.52,2880,0.0568,负责人17
TGT0000317,2026-04,S0077,750398.12,665133.37,1945,0.0648,负责人18
TGT0000318,2026-04,S0078,931051.86,867771.52,2927,0.0784,负责人19
TGT0000319,2026-04,S0079,1187770.83,1022336.1,3087,0.0673,负责人20
TGT0000320,2026-04,S0080,1690375.84,1542106.12,3487,0.0802,负责人21
TGT0000321,2026-05,S0001,536485.19,502594.53,2139,0.0492,负责人02
TGT0000322,2026-05,S0002,1447022.43,1284693.02,3072,0.0396,负责人03
TGT0000323,2026-05,S0003,498152.49,445629.49,3057,0.0337,负责人04
TGT0000324,2026-05,S0004,950269.07,884887.67,1230,0.0626,负责人05
TGT0000325,2026-05,S0005,1190641.19,1116700.43,1775,0.0586,负责人06
TGT0000326,2026-05,S0006,1395863.44,1168791.51,1424,0.0453,负责人07
TGT0000327,2026-05,S0007,273227.52,217319.81,3353,0.0641,负责人08
TGT0000328,2026-05,S0008,603608.27,516779.08,860,0.0759,负责人09
TGT0000329,2026-05,S0009,1143690.2,1029832.79,3615,0.0443,负责人10
TGT0000330,2026-05,S0010,1673519.13,1546523.25,581,0.0491,负责人11
TGT0000331,2026-05,S0011,590331.46,539189.95,2554,0.0311,负责人12
TGT0000332,2026-05,S0012,1263923.58,1014332.07,3750,0.0332,负责人13
TGT0000333,2026-05,S0013,392898.84,315921.01,1857,0.0706,负责人14
TGT0000334,2026-05,S0014,839041.65,785590.52,1657,0.0667,负责人15
TGT0000335,2026-05,S0015,435088.1,350013.67,3045,0.0865,负责人16
TGT0000336,2026-05,S0016,359300.75,299260.38,2866,0.0781,负责人17
TGT0000337,2026-05,S0017,558555.6,516370.31,2758,0.0828,负责人18
TGT0000338,2026-05,S0018,1772115.47,1561030.05,958,0.0752,负责人19
TGT0000339,2026-05,S0019,1386296.68,1090466.71,2598,0.0461,负责人20
TGT0000340,2026-05,S0020,1410275.76,1216249.91,1617,0.0379,负责人21
TGT0000341,2026-05,S0021,745577.04,693334.97,1879,0.0664,负责人22
TGT0000342,2026-05,S0022,482753.41,430782.82,1348,0.0253,负责人23
TGT0000343,2026-05,S0023,721589.11,653482.81,2557,0.0386,负责人24
TGT0000344,2026-05,S0024,1138803.16,999410.36,1409,0.0591,负责人25
TGT0000345,2026-05,S0025,1267824.98,1122495.55,2636,0.0765,负责人26
TGT0000346,2026-05,S0026,277258.59,232691.68,2830,0.0634,负责人27
TGT0000347,2026-05,S0027,1149759.1,1039073.79,2976,0.0372,负责人28
TGT0000348,2026-05,S0028,1271461.49,1063408.72,2529,0.0392,负责人29
TGT0000349,2026-05,S0029,257148.06,227115.75,2952,0.0256,负责人30
TGT0000350,2026-05,S0030,1411270.27,1230816.28,3319,0.0497,负责人01
TGT0000351,2026-05,S0031,675908.33,584982.28,1673,0.0551,负责人02
TGT0000352,2026-05,S0032,1617902.34,1321444.65,3385,0.0294,负责人03
TGT0000353,2026-05,S0033,848862.02,694830.28,2268,0.0865,负责人04
TGT0000354,2026-05,S0034,1565215.7,1366931.59,519,0.0265,负责人05
TGT0000355,2026-05,S0035,614580.69,564583.34,3675,0.0344,负责人06
TGT0000356,2026-05,S0036,987266.92,850707.83,512,0.0356,负责人07
TGT0000357,2026-05,S0037,745116.06,606677.87,2462,0.0725,负责人08
TGT0000358,2026-05,S0038,902737.42,799288.55,2903,0.0877,负责人09
TGT0000359,2026-05,S0039,1687195.31,1541609.67,1066,0.0534,负责人10
TGT0000360,2026-05,S0040,1739719.88,1462936.66,2906,0.0424,负责人11
TGT0000361,2026-05,S0041,302782.69,244137.66,2777,0.0311,负责人12
TGT0000362,2026-05,S0042,1530652.15,1196676.57,1448,0.0665,负责人13
TGT0000363,2026-05,S0043,270600.22,254032.04,1985,0.0345,负责人14
TGT0000364,2026-05,S0044,268174.04,247512.64,503,0.0802,负责人15
TGT0000365,2026-05,S0045,1498114.62,1247284.36,4089,0.0839,负责人16
TGT0000366,2026-05,S0046,1283938.94,1132581.54,2888,0.083,负责人17
TGT0000367,2026-05,S0047,1080161.66,924767.63,2637,0.0617,负责人18
TGT0000368,2026-05,S0048,1615570.18,1409242.82,3920,0.0398,负责人19
TGT0000369,2026-05,S0049,1170196.73,1007984.47,3794,0.0784,负责人20
TGT0000370,2026-05,S0050,1153460.65,969940.04,2831,0.0688,负责人21
TGT0000371,2026-05,S0051,758751.69,702060.71,4164,0.057,负责人22
TGT0000372,2026-05,S0052,1054978.61,896714.64,607,0.0482,负责人23
TGT0000373,2026-05,S0053,582302.72,545603.34,2466,0.0488,负责人24
TGT0000374,2026-05,S0054,348292.63,284758.38,2773,0.0765,负责人25
TGT0000375,2026-05,S0055,745048.49,591267.22,1498,0.0514,负责人26
TGT0000376,2026-05,S0056,312579.32,287088.13,4094,0.0399,负责人27
TGT0000377,2026-05,S0057,1003915.97,794713.69,2000,0.0511,负责人28
TGT0000378,2026-05,S0058,492479.65,432468.7,3294,0.0517,负责人29
TGT0000379,2026-05,S0059,988388.2,843843.7,2809,0.0452,负责人30
TGT0000380,2026-05,S0060,1022965.2,959988.32,3405,0.0716,负责人01
TGT0000381,2026-05,S0061,1416481.96,1314892.56,712,0.0637,负责人02
TGT0000382,2026-05,S0062,1490682.34,1299279.99,867,0.0482,负责人03
TGT0000383,2026-05,S0063,1310730.9,1068514.87,3619,0.0391,负责人04
TGT0000384,2026-05,S0064,589899.43,539553.34,4101,0.0839,负责人05
TGT0000385,2026-05,S0065,1573241.42,1227336.82,3637,0.0287,负责人06
TGT0000386,2026-05,S0066,393676.19,318855.7,3550,0.0412,负责人07
TGT0000387,2026-05,S0067,1263393.82,1128279.13,3008,0.0327,负责人08
TGT0000388,2026-05,S0068,1100042.37,976508.41,1138,0.0455,负责人09
TGT0000389,2026-05,S0069,1558642.15,1248160.39,2304,0.0818,负责人10
TGT0000390,2026-05,S0070,263599.54,213729.42,1393,0.0833,负责人11
TGT0000391,2026-05,S0071,742874.66,649546.67,1050,0.0523,负责人12
TGT0000392,2026-05,S0072,1233031.56,1029565.44,983,0.0544,负责人13
TGT0000393,2026-05,S0073,884514.99,824948.16,1128,0.0345,负责人14
TGT0000394,2026-05,S0074,356358.36,312683.14,1260,0.0544,负责人15
TGT0000395,2026-05,S0075,1486118.75,1375272.16,3046,0.0337,负责人16
TGT0000396,2026-05,S0076,1178720.84,1001643.02,4007,0.0734,负责人17
TGT0000397,2026-05,S0077,1681475.28,1517110.74,2085,0.0439,负责人18
TGT0000398,2026-05,S0078,430507.85,348416.01,527,0.0666,负责人19
TGT0000399,2026-05,S0079,313870.06,271936.69,3006,0.0768,负责人20
TGT0000400,2026-05,S0080,570757.02,461854.88,836,0.0359,负责人21
TGT0000401,2026-06,S0001,942971.03,848018.14,2215,0.0645,负责人02
TGT0000402,2026-06,S0002,885741.81,802157.49,700,0.0396,负责人03
TGT0000403,2026-06,S0003,1290727.5,1142727.54,1395,0.0702,负责人04
TGT0000404,2026-06,S0004,1400370.08,1281550.66,2022,0.0254,负责人05
TGT0000405,2026-06,S0005,1584412.56,1258798.66,3021,0.0389,负责人06
TGT0000406,2026-06,S0006,1760619.98,1444586.08,2051,0.0278,负责人07
TGT0000407,2026-06,S0007,808286.44,730449.05,697,0.0732,负责人08
TGT0000408,2026-06,S0008,397909.33,356608.1,3519,0.0628,负责人09
TGT0000409,2026-06,S0009,1302145.17,1138640.61,2772,0.0377,负责人10
TGT0000410,2026-06,S0010,347711.04,313610.53,2191,0.0776,负责人11
TGT0000411,2026-06,S0011,937196.56,735452.2,1263,0.0832,负责人12
TGT0000412,2026-06,S0012,424775.01,334284.21,4116,0.0761,负责人13
TGT0000413,2026-06,S0013,797135.65,683306.6,2136,0.0274,负责人14
TGT0000414,2026-06,S0014,485530.7,446407.61,1934,0.0504,负责人15
TGT0000415,2026-06,S0015,1673940.27,1377157.07,3489,0.045,负责人16
TGT0000416,2026-06,S0016,1640151.71,1332340.25,2468,0.0428,负责人17
TGT0000417,2026-06,S0017,1484606.16,1360130.0,1719,0.0419,负责人18
TGT0000418,2026-06,S0018,1204476.52,1032769.29,1682,0.0431,负责人19
TGT0000419,2026-06,S0019,824146.56,751319.6,1832,0.0857,负责人20
TGT0000420,2026-06,S0020,813163.11,734328.45,3958,0.0603,负责人21
TGT0000421,2026-06,S0021,262835.09,207737.34,2704,0.0439,负责人22
TGT0000422,2026-06,S0022,477661.91,379778.89,1800,0.0399,负责人23
TGT0000423,2026-06,S0023,781980.29,611646.43,3050,0.0266,负责人24
TGT0000424,2026-06,S0024,273587.5,245030.42,2642,0.044,负责人25
TGT0000425,2026-06,S0025,437098.34,408490.48,2209,0.0551,负责人26
TGT0000426,2026-06,S0026,810366.63,749759.88,2446,0.0262,负责人27
TGT0000427,2026-06,S0027,712704.3,618446.46,1329,0.0833,负责人28
TGT0000428,2026-06,S0028,1705726.28,1381012.25,3476,0.068,负责人29
TGT0000429,2026-06,S0029,1297377.49,1166756.07,2647,0.0467,负责人30
TGT0000430,2026-06,S0030,1060064.62,908820.45,1852,0.0427,负责人01
TGT0000431,2026-06,S0031,909132.07,768876.49,3690,0.0672,负责人02
TGT0000432,2026-06,S0032,1705087.03,1567537.6,3459,0.0266,负责人03
TGT0000433,2026-06,S0033,364569.27,334384.22,3849,0.0426,负责人04
TGT0000434,2026-06,S0034,1074070.94,858688.86,485,0.0883,负责人05
TGT0000435,2026-06,S0035,339258.58,283110.58,2518,0.0525,负责人06
TGT0000436,2026-06,S0036,1456576.38,1317738.28,4126,0.0346,负责人07
TGT0000437,2026-06,S0037,940065.05,738665.49,562,0.0284,负责人08
TGT0000438,2026-06,S0038,585587.32,465606.08,2902,0.0287,负责人09
TGT0000439,2026-06,S0039,583419.14,547774.76,3164,0.0544,负责人10
TGT0000440,2026-06,S0040,1171604.38,942165.67,2041,0.0721,负责人11
TGT0000441,2026-06,S0041,1722655.74,1599712.51,4128,0.0618,负责人12
TGT0000442,2026-06,S0042,1188933.31,1078253.47,4088,0.0498,负责人13
TGT0000443,2026-06,S0043,1090716.11,984915.44,2044,0.0765,负责人14
TGT0000444,2026-06,S0044,1427670.22,1143103.89,1874,0.065,负责人15
TGT0000445,2026-06,S0045,953762.42,794065.97,3918,0.031,负责人16
TGT0000446,2026-06,S0046,1659608.26,1513920.58,3810,0.0538,负责人17
TGT0000447,2026-06,S0047,1132612.37,975238.51,3506,0.0467,负责人18
TGT0000448,2026-06,S0048,1319529.16,1201260.15,3729,0.0517,负责人19
TGT0000449,2026-06,S0049,585347.6,522852.92,1549,0.0671,负责人20
TGT0000450,2026-06,S0050,1340874.18,1059382.17,3884,0.0802,负责人21
TGT0000451,2026-06,S0051,442021.4,392735.14,3962,0.0598,负责人22
TGT0000452,2026-06,S0052,505655.08,425871.37,2872,0.0899,负责人23
TGT0000453,2026-06,S0053,1223735.83,1111376.71,1358,0.058,负责人24
TGT0000454,2026-06,S0054,409228.74,373855.13,3929,0.0439,负责人25
TGT0000455,2026-06,S0055,1397569.06,1262752.18,2450,0.0539,负责人26
TGT0000456,2026-06,S0056,832386.07,658116.92,3485,0.0342,负责人27
TGT0000457,2026-06,S0057,1539158.22,1312519.67,2730,0.0598,负责人28
TGT0000458,2026-06,S0058,1364585.11,1244947.66,671,0.0666,负责人29
TGT0000459,2026-06,S0059,1184814.74,962020.65,4038,0.0469,负责人30
TGT0000460,2026-06,S0060,1542730.16,1385780.44,1837,0.0814,负责人01
TGT0000461,2026-06,S0061,1492488.3,1280145.23,2107,0.0808,负责人02
TGT0000462,2026-06,S0062,1585278.43,1449472.59,3634,0.053,负责人03
TGT0000463,2026-06,S0063,1171103.2,985809.11,2163,0.0492,负责人04
TGT0000464,2026-06,S0064,210318.26,178406.11,998,0.0682,负责人05
TGT0000465,2026-06,S0065,1157453.35,942508.02,3338,0.0731,负责人06
TGT0000466,2026-06,S0066,401157.64,338204.39,2504,0.0403,负责人07
TGT0000467,2026-06,S0067,1006281.41,833362.16,3378,0.0466,负责人08
TGT0000468,2026-06,S0068,902329.74,803806.71,1892,0.0873,负责人09
TGT0000469,2026-06,S0069,478862.36,377684.74,3440,0.0409,负责人10
TGT0000470,2026-06,S0070,477993.08,448064.58,2055,0.0708,负责人11
TGT0000471,2026-06,S0071,1129401.01,971966.19,3148,0.0512,负责人12
TGT0000472,2026-06,S0072,333495.09,274539.99,1703,0.0805,负责人13
TGT0000473,2026-06,S0073,539194.86,457078.96,2640,0.0805,负责人14
TGT0000474,2026-06,S0074,1387437.73,1101888.28,3081,0.0285,负责人15
TGT0000475,2026-06,S0075,271804.5,220224.96,681,0.0891,负责人16
TGT0000476,2026-06,S0076,624990.22,541278.68,3723,0.0815,负责人17
TGT0000477,2026-06,S0077,717221.75,572559.2,2946,0.051,负责人18
TGT0000478,2026-06,S0078,1503477.86,1398397.18,702,0.0278,负责人19
TGT0000479,2026-06,S0079,961878.35,896505.36,3399,0.035,负责人20
TGT0000480,2026-06,S0080,296645.11,262939.5,423,0.0647,负责人21
TGT0000481,2026-07,S0001,1088055.37,985186.17,473,0.0602,负责人02
TGT0000482,2026-07,S0002,1491366.9,1197054.32,1399,0.0675,负责人03
TGT0000483,2026-07,S0003,1706065.55,1493349.25,4119,0.0633,负责人04
TGT0000484,2026-07,S0004,1057806.5,916429.36,1571,0.0586,负责人05
TGT0000485,2026-07,S0005,814884.58,736401.98,747,0.0721,负责人06
TGT0000486,2026-07,S0006,613132.3,562692.48,2529,0.0803,负责人07
TGT0000487,2026-07,S0007,1133020.76,1059253.73,3311,0.041,负责人08
TGT0000488,2026-07,S0008,775243.03,679778.27,1994,0.0401,负责人09
TGT0000489,2026-07,S0009,671321.32,535059.86,1809,0.0534,负责人10
TGT0000490,2026-07,S0010,345723.07,301856.66,3045,0.0351,负责人11
TGT0000491,2026-07,S0011,1567020.19,1251443.61,1495,0.0502,负责人12
TGT0000492,2026-07,S0012,1458265.94,1219734.06,3715,0.0892,负责人13
TGT0000493,2026-07,S0013,1233287.25,1118023.68,2899,0.0675,负责人14
TGT0000494,2026-07,S0014,1382496.99,1257496.89,1915,0.0767,负责人15
TGT0000495,2026-07,S0015,1308328.27,1083476.21,2984,0.0472,负责人16
TGT0000496,2026-07,S0016,1316076.75,1031477.66,733,0.0302,负责人17
TGT0000497,2026-07,S0017,1798702.49,1645144.05,669,0.0451,负责人18
TGT0000498,2026-07,S0018,473939.88,435278.42,2028,0.0369,负责人19
TGT0000499,2026-07,S0019,1581708.58,1324701.23,1185,0.055,负责人20
TGT0000500,2026-07,S0020,962773.65,880987.97,3810,0.0772,负责人21
TGT0000501,2026-07,S0021,1189019.23,1067162.9,2643,0.0399,负责人22
TGT0000502,2026-07,S0022,1650259.27,1390176.55,598,0.0356,负责人23
TGT0000503,2026-07,S0023,1657350.8,1298104.0,3764,0.0356,负责人24
TGT0000504,2026-07,S0024,219126.52,204157.6,2917,0.0642,负责人25
TGT0000505,2026-07,S0025,426717.25,352566.54,1219,0.0769,负责人26
TGT0000506,2026-07,S0026,637329.05,513408.92,3790,0.0761,负责人27
TGT0000507,2026-07,S0027,463508.09,387410.78,1817,0.0343,负责人28
TGT0000508,2026-07,S0028,765229.76,633573.58,576,0.0594,负责人29
TGT0000509,2026-07,S0029,295760.75,277821.02,4014,0.0312,负责人30
TGT0000510,2026-07,S0030,1246083.41,1058098.69,2763,0.0283,负责人01
TGT0000511,2026-07,S0031,955819.83,887467.89,2022,0.0847,负责人02
TGT0000512,2026-07,S0032,1776283.05,1480461.6,2558,0.0291,负责人03
TGT0000513,2026-07,S0033,522518.91,456914.62,3065,0.0527,负责人04
TGT0000514,2026-07,S0034,872181.25,701262.72,1664,0.0618,负责人05
TGT0000515,2026-07,S0035,1012886.76,829895.33,2986,0.0347,负责人06
TGT0000516,2026-07,S0036,716704.55,638401.38,2570,0.0506,负责人07
TGT0000517,2026-07,S0037,460354.51,367717.29,2666,0.0567,负责人08
TGT0000518,2026-07,S0038,1149115.22,972567.06,1850,0.0712,负责人09
TGT0000519,2026-07,S0039,1109585.7,996427.51,2152,0.0794,负责人10
TGT0000520,2026-07,S0040,1159428.63,1048012.11,1607,0.0558,负责人11
TGT0000521,2026-07,S0041,1117082.05,886169.23,4050,0.0608,负责人12
TGT0000522,2026-07,S0042,1257763.91,995849.42,2044,0.0856,负责人13
TGT0000523,2026-07,S0043,676236.62,611922.05,806,0.0386,负责人14
TGT0000524,2026-07,S0044,402875.57,314554.8,1247,0.0699,负责人15
TGT0000525,2026-07,S0045,730889.2,612235.11,2220,0.0263,负责人16
TGT0000526,2026-07,S0046,1398506.64,1189312.33,3357,0.0873,负责人17
TGT0000527,2026-07,S0047,1535912.76,1222297.91,1095,0.0618,负责人18
TGT0000528,2026-07,S0048,1383694.93,1147958.55,2338,0.06,负责人19
TGT0000529,2026-07,S0049,608939.66,503843.89,2271,0.0854,负责人20
TGT0000530,2026-07,S0050,571171.03,462264.58,2002,0.0413,负责人21
TGT0000531,2026-07,S0051,1098817.75,974460.12,603,0.0853,负责人22
TGT0000532,2026-07,S0052,1312113.29,1156927.88,2094,0.0576,负责人23
TGT0000533,2026-07,S0053,476235.83,425272.53,1656,0.0735,负责人24
TGT0000534,2026-07,S0054,1221530.54,1106624.76,608,0.059,负责人25
TGT0000535,2026-07,S0055,1419232.95,1204034.78,2078,0.0521,负责人26
TGT0000536,2026-07,S0056,1757723.85,1543379.76,729,0.0759,负责人27
TGT0000537,2026-07,S0057,1507708.01,1374610.24,3974,0.0625,负责人28
TGT0000538,2026-07,S0058,514100.13,410612.51,2306,0.0289,负责人29
TGT0000539,2026-07,S0059,567088.16,464467.15,598,0.085,负责人30
TGT0000540,2026-07,S0060,1100455.12,975590.69,1551,0.0474,负责人01
TGT0000541,2026-07,S0061,569415.32,495886.08,3760,0.0799,负责人02
TGT0000542,2026-07,S0062,915959.33,773420.85,1660,0.0377,负责人03
TGT0000543,2026-07,S0063,1576705.7,1305625.27,1150,0.0624,负责人04
TGT0000544,2026-07,S0064,674809.31,546422.1,3401,0.0512,负责人05
TGT0000545,2026-07,S0065,639948.47,582406.35,1875,0.0635,负责人06
TGT0000546,2026-07,S0066,500456.22,417559.48,3681,0.0506,负责人07
TGT0000547,2026-07,S0067,1741481.24,1538075.83,3322,0.0361,负责人08
TGT0000548,2026-07,S0068,1099064.77,972096.42,408,0.058,负责人09
TGT0000549,2026-07,S0069,1413810.4,1234715.43,549,0.0448,负责人10
TGT0000550,2026-07,S0070,213825.69,195796.29,2935,0.077,负责人11
TGT0000551,2026-07,S0071,940954.38,736218.37,1330,0.0345,负责人12
TGT0000552,2026-07,S0072,942366.02,855267.17,2379,0.0677,负责人13
TGT0000553,2026-07,S0073,1401303.57,1123088.5,3932,0.0833,负责人14
TGT0000554,2026-07,S0074,586130.9,516856.15,2845,0.0808,负责人15
TGT0000555,2026-07,S0075,1713463.63,1548982.97,1854,0.087,负责人16
TGT0000556,2026-07,S0076,587753.46,514642.14,3641,0.0437,负责人17
TGT0000557,2026-07,S0077,1608255.23,1275254.58,3054,0.0693,负责人18
TGT0000558,2026-07,S0078,1782419.19,1574154.07,1460,0.0285,负责人19
TGT0000559,2026-07,S0079,857123.87,707018.9,505,0.0873,负责人20
TGT0000560,2026-07,S0080,1512440.67,1350331.35,4094,0.0446,负责人21
TGT0000561,2026-08,S0001,851477.41,729819.89,3866,0.0721,负责人02
TGT0000562,2026-08,S0002,1769770.19,1637087.38,845,0.0714,负责人03
TGT0000563,2026-08,S0003,1269329.07,1187756.0,2406,0.036,负责人04
TGT0000564,2026-08,S0004,666220.27,601079.31,2924,0.0645,负责人05
TGT0000565,2026-08,S0005,1170244.07,1003734.42,1999,0.0705,负责人06
TGT0000566,2026-08,S0006,1457668.01,1343466.12,2938,0.0848,负责人07
TGT0000567,2026-08,S0007,745012.33,683927.93,1289,0.0386,负责人08
TGT0000568,2026-08,S0008,775270.42,654998.6,1840,0.0622,负责人09
TGT0000569,2026-08,S0009,691833.51,543269.82,3679,0.0869,负责人10
TGT0000570,2026-08,S0010,1646732.31,1351292.2,2020,0.0548,负责人11
TGT0000571,2026-08,S0011,883754.72,775728.63,1326,0.0656,负责人12
TGT0000572,2026-08,S0012,1715375.55,1571917.25,4009,0.0616,负责人13
TGT0000573,2026-08,S0013,331353.82,270196.58,4039,0.0318,负责人14
TGT0000574,2026-08,S0014,401070.41,335216.22,3190,0.029,负责人15
TGT0000575,2026-08,S0015,251065.17,200796.76,3597,0.0339,负责人16
TGT0000576,2026-08,S0016,947085.25,833644.27,2388,0.089,负责人17
TGT0000577,2026-08,S0017,1537032.84,1229481.0,3535,0.0475,负责人18
TGT0000578,2026-08,S0018,735731.77,576040.1,1665,0.0628,负责人19
TGT0000579,2026-08,S0019,414836.31,335144.14,3482,0.0685,负责人20
TGT0000580,2026-08,S0020,215675.64,177440.9,3990,0.0528,负责人21
TGT0000581,2026-08,S0021,966454.56,800396.79,2840,0.0557,负责人22
TGT0000582,2026-08,S0022,788638.15,717286.5,2677,0.0575,负责人23
TGT0000583,2026-08,S0023,381234.7,351987.4,4035,0.0896,负责人24
TGT0000584,2026-08,S0024,1796813.48,1566520.08,2045,0.0284,负责人25
TGT0000585,2026-08,S0025,532555.85,432850.23,3949,0.0436,负责人26
TGT0000586,2026-08,S0026,630545.54,575266.69,625,0.055,负责人27
TGT0000587,2026-08,S0027,1104669.81,966415.13,1121,0.0325,负责人28
TGT0000588,2026-08,S0028,1730145.79,1367091.0,1079,0.0501,负责人29
TGT0000589,2026-08,S0029,967846.56,866962.3,1049,0.0883,负责人30
TGT0000590,2026-08,S0030,840532.41,668384.27,658,0.0593,负责人01
TGT0000591,2026-08,S0031,765767.57,677179.61,4114,0.036,负责人02
TGT0000592,2026-08,S0032,201526.75,172969.42,2783,0.0339,负责人03
TGT0000593,2026-08,S0033,1052117.19,827789.73,2861,0.0758,负责人04
TGT0000594,2026-08,S0034,404744.63,320842.44,2379,0.0503,负责人05
TGT0000595,2026-08,S0035,603638.92,523715.56,2162,0.0402,负责人06
TGT0000596,2026-08,S0036,1192421.18,982891.81,2682,0.0268,负责人07
TGT0000597,2026-08,S0037,1597404.88,1262633.93,2669,0.0811,负责人08
TGT0000598,2026-08,S0038,346505.62,298771.72,3763,0.0876,负责人09
TGT0000599,2026-08,S0039,936094.64,790029.32,3879,0.0437,负责人10
TGT0000600,2026-08,S0040,458700.35,382919.45,2787,0.0471,负责人11
TGT0000601,2026-08,S0041,374587.04,293984.41,2918,0.0769,负责人12
TGT0000602,2026-08,S0042,191652.3,153897.88,1789,0.072,负责人13
TGT0000603,2026-08,S0043,1744829.54,1590379.56,3966,0.0529,负责人14
TGT0000604,2026-08,S0044,934593.43,783535.15,702,0.0534,负责人15
TGT0000605,2026-08,S0045,302256.49,282707.15,3418,0.0532,负责人16
TGT0000606,2026-08,S0046,670447.63,624872.68,2604,0.0755,负责人17
TGT0000607,2026-08,S0047,576524.64,482233.84,533,0.0323,负责人18
TGT0000608,2026-08,S0048,1569938.44,1376683.55,1475,0.0526,负责人19
TGT0000609,2026-08,S0049,1006112.63,913162.53,2071,0.052,负责人20
TGT0000610,2026-08,S0050,707170.92,634275.05,2263,0.0602,负责人21
TGT0000611,2026-08,S0051,393901.04,336569.33,4106,0.0816,负责人22
TGT0000612,2026-08,S0052,1660485.49,1330187.2,2150,0.0299,负责人23
TGT0000613,2026-08,S0053,423710.78,389732.99,669,0.072,负责人24
TGT0000614,2026-08,S0054,1516566.49,1391850.31,2132,0.0317,负责人25
TGT0000615,2026-08,S0055,818132.01,758447.74,1124,0.0868,负责人26
TGT0000616,2026-08,S0056,1761789.64,1600086.45,1187,0.0252,负责人27
TGT0000617,2026-08,S0057,213774.95,183434.94,2019,0.0453,负责人28
TGT0000618,2026-08,S0058,1797456.65,1469065.24,3234,0.0588,负责人29
TGT0000619,2026-08,S0059,855802.59,744675.03,3362,0.0888,负责人30
TGT0000620,2026-08,S0060,188657.61,152513.84,2728,0.0718,负责人01
TGT0000621,2026-08,S0061,313446.57,290005.74,1104,0.0368,负责人02
TGT0000622,2026-08,S0062,1178792.8,1059735.98,2371,0.0591,负责人03
TGT0000623,2026-08,S0063,852393.34,787416.27,1727,0.0678,负责人04
TGT0000624,2026-08,S0064,1373448.31,1146450.01,3608,0.0323,负责人05
TGT0000625,2026-08,S0065,419922.05,358853.16,3119,0.0285,负责人06
TGT0000626,2026-08,S0066,1488828.03,1375565.92,2480,0.0881,负责人07
TGT0000627,2026-08,S0067,1318927.02,1082879.85,3957,0.0679,负责人08
TGT0000628,2026-08,S0068,1232854.14,984862.51,2457,0.0682,负责人09
TGT0000629,2026-08,S0069,1164349.19,1011439.45,2433,0.0375,负责人10
TGT0000630,2026-08,S0070,1357392.27,1104462.21,2243,0.0867,负责人11
TGT0000631,2026-08,S0071,1449184.6,1327297.17,2593,0.0693,负责人12
TGT0000632,2026-08,S0072,1383714.58,1247879.83,3181,0.0536,负责人13
TGT0000633,2026-08,S0073,854037.36,694188.01,3856,0.0279,负责人14
TGT0000634,2026-08,S0074,1230582.41,1090316.7,960,0.0384,负责人15
TGT0000635,2026-08,S0075,234272.13,198258.16,4017,0.0887,负责人16
TGT0000636,2026-08,S0076,1076351.24,875467.11,3067,0.0872,负责人17
TGT0000637,2026-08,S0077,1657971.18,1308100.97,2436,0.0332,负责人18
TGT0000638,2026-08,S0078,848037.95,792956.75,1193,0.0586,负责人19
TGT0000639,2026-08,S0079,802450.67,725001.26,1168,0.0698,负责人20
TGT0000640,2026-08,S0080,405461.8,378970.84,1530,0.0705,负责人21
